belief,asset_class
Invest in crypto for aggressive returns,crypto,neutral,,conservative,Iron Condor
Build a bond ladder for consistent income,options,down,,aggressive,Bear Put Spread
Seeking conservative growth with options,options,down,preserve_capital,aggressive,Bear Put Spread
Invest in crypto for aggressive returns,crypto,down,hedge,moderate,Short Stock or Inverse ETF
Seeking conservative growth with crypto,crypto,neutral,preserve_capital,conservative,Iron Condor
Trying to hedge my portfolio with TSLA,etf,down,preserve_capital,moderate,Short Stock or Inverse ETF
I think GOOG will stay flat this week,stock,neutral,hedge,conservative,Iron Condor
I think BTC will stay flat this week,crypto,up,,moderate,Iron Condor
I think GLD will stay flat this week,bonds,neutral,hedge,conservative,Iron Condor
Looking for income from options,options,down,multiply,conservative,Bear Put Spread
Seeking conservative growth with crypto,crypto,up,multiply,moderate,Buy Token
Invest in crypto for aggressive returns,options,neutral,multiply,aggressive,Iron Condor
Speculating on major moves in SPY,stock,neutral,hedge,moderate,Bear Put Spread
Trying to hedge my portfolio with BTC,crypto,neutral,,conservative,Iron Condor
Need to protect downside in my holdings,crypto,down,income,aggressive,Short Stock or Inverse ETF
Trying to hedge my portfolio with ETH,stock,up,multiply,conservative,Protective Put
I believe QQQ will drop significantly,options,down,income,conservative,Bear Put Spread
I want to double my money on QQQ,options,down,hedge,conservative,Bear Put Spread
Trying to hedge my portfolio with BTC,crypto,down,,conservative,Short Stock or Inverse ETF
Seeking conservative growth with bonds,bonds,neutral,preserve_capital,aggressive,Iron Condor
Invest in crypto for aggressive returns,bonds,up,preserve_capital,moderate,Protective Put
Need to protect downside in my holdings,etf,neutral,multiply,moderate,Iron Condor
Speculating on major moves in AAPL,options,down,hedge,aggressive,Bear Put Spread
Build a bond ladder for consistent income,stock,up,,moderate,Covered Call
Build a bond ladder for consistent income,bonds,up,hedge,aggressive,Bond Ladder
Invest in crypto for aggressive returns,stock,neutral,hedge,moderate,Iron Condor
I think ETH will stay flat this week,crypto,up,preserve_capital,moderate,Iron Condor
I think SPY will stay flat this week,etf,up,multiply,aggressive,Iron Condor
Invest in crypto for aggressive returns,stock,neutral,income,aggressive,Iron Condor
I believe AAPL will drop significantly,options,up,income,aggressive,Bear Put Spread
Need to protect downside in my holdings,crypto,up,income,conservative,Protective Put
Looking for income from options,options,neutral,income,aggressive,Iron Condor
Trying to hedge my portfolio with BND,options,up,hedge,moderate,Protective Put
Need to protect downside in my holdings,bonds,down,multiply,conservative,Short Stock or Inverse ETF
I want to double my money on SPY,etf,up,income,conservative,Bull Call Spread
Speculating on major moves in XLF,crypto,down,,moderate,Bear Put Spread
Speculating on major moves in TSLA,crypto,neutral,preserve_capital,moderate,Bear Put Spread
Looking for income from stock,stock,up,preserve_capital,conservative,Covered Call
Seeking conservative growth with options,options,neutral,preserve_capital,conservative,Iron Condor
Build a bond ladder for consistent income,bonds,up,hedge,moderate,Bond Ladder
Looking for income from etf,etf,down,hedge,moderate,Short Stock or Inverse ETF
Speculating on major moves in QQQ,etf,neutral,preserve_capital,conservative,Bear Put Spread
Need to protect downside in my holdings,etf,up,hedge,conservative,Protective Put
I want to double my money on BND,options,up,preserve_capital,aggressive,Bull Call Spread
I think GOOG will stay flat this week,bonds,up,multiply,conservative,Iron Condor
Looking for income from stock,stock,neutral,hedge,aggressive,Iron Condor
I think SPY will stay flat this week,crypto,up,preserve_capital,aggressive,Iron Condor
Build a bond ladder for consistent income,bonds,up,multiply,conservative,Bond Ladder
Speculating on major moves in BTC,stock,neutral,income,aggressive,Bear Put Spread
Trying to hedge my portfolio with XLF,etf,down,,moderate,Short Stock or Inverse ETF
Speculating on major moves in GLD,etf,up,hedge,aggressive,Bull Call Spread
Invest in crypto for aggressive returns,stock,down,preserve_capital,conservative,Short Stock or Inverse ETF
I believe QQQ will drop significantly,crypto,neutral,hedge,conservative,Short Stock or Inverse ETF
I believe BTC will drop significantly,bonds,neutral,,conservative,Short Stock or Inverse ETF
Build a bond ladder for consistent income,bonds,up,,moderate,Bond Ladder
I believe GLD will drop significantly,crypto,up,hedge,conservative,Short Stock or Inverse ETF
Invest in crypto for aggressive returns,stock,down,,moderate,Short Stock or Inverse ETF
Seeking conservative growth with crypto,crypto,neutral,preserve_capital,aggressive,Iron Condor
Trying to hedge my portfolio with QQQ,crypto,neutral,multiply,moderate,Iron Condor
Build a bond ladder for consistent income,stock,up,hedge,moderate,Covered Call
Trying to hedge my portfolio with BTC,crypto,up,multiply,moderate,Protective Put
I think QQQ will stay flat this week,stock,down,preserve_capital,moderate,Short Stock or Inverse ETF
Build a bond ladder for consistent income,stock,up,multiply,moderate,Covered Call
Looking for income from etf,etf,down,hedge,conservative,Short Stock or Inverse ETF
Looking for income from bonds,bonds,up,,conservative,Bond Ladder
Seeking conservative growth with options,options,up,hedge,aggressive,Buy Leveraged ETF
Trying to hedge my portfolio with BTC,stock,up,multiply,aggressive,Protective Put
Speculating on major moves in XLF,etf,down,preserve_capital,aggressive,Bear Put Spread
Speculating on major moves in XLF,crypto,neutral,hedge,conservative,Bear Put Spread
I want to double my money on XLF,stock,neutral,hedge,conservative,Bear Put Spread
Trying to hedge my portfolio with QQQ,stock,up,preserve_capital,aggressive,Protective Put
Speculating on major moves in SPY,etf,neutral,multiply,conservative,Bear Put Spread
Looking for income from options,options,up,preserve_capital,moderate,Covered Call
Speculating on major moves in BND,options,up,multiply,moderate,Bull Call Spread
Seeking conservative growth with crypto,crypto,down,income,aggressive,Short Stock or Inverse ETF
I want to double my money on BTC,crypto,down,income,moderate,Bear Put Spread
Looking for income from stock,stock,neutral,hedge,aggressive,Iron Condor
Seeking conservative growth with bonds,bonds,neutral,preserve_capital,aggressive,Iron Condor
Need to protect downside in my holdings,etf,down,hedge,moderate,Short Stock or Inverse ETF
Trying to hedge my portfolio with BND,etf,neutral,,aggressive,Iron Condor
I believe BTC will drop significantly,stock,up,,aggressive,Short Stock or Inverse ETF
Invest in crypto for aggressive returns,bonds,up,income,moderate,Buy Token
Seeking conservative growth with etf,etf,down,hedge,conservative,Short Stock or Inverse ETF
Speculating on major moves in ETH,crypto,down,,aggressive,Bear Put Spread
Need to protect downside in my holdings,bonds,neutral,income,moderate,Iron Condor
Need to protect downside in my holdings,options,down,,conservative,Bear Put Spread
Speculating on major moves in XLF,crypto,down,multiply,conservative,Bear Put Spread
Trying to hedge my portfolio with QQQ,crypto,neutral,preserve_capital,conservative,Iron Condor
Speculating on major moves in GOOG,options,neutral,,aggressive,Bear Put Spread
I think GOOG will stay flat this week,stock,neutral,income,moderate,Iron Condor
Trying to hedge my portfolio with TSLA,crypto,up,preserve_capital,aggressive,Protective Put
Speculating on major moves in XLF,options,up,preserve_capital,conservative,Bull Call Spread
Need to protect downside in my holdings,stock,up,multiply,aggressive,Protective Put
Build a bond ladder for consistent income,crypto,down,income,moderate,Short Stock or Inverse ETF
I think BND will stay flat this week,stock,neutral,preserve_capital,moderate,Iron Condor
Speculating on major moves in GLD,bonds,down,hedge,conservative,Bear Put Spread
Build a bond ladder for consistent income,bonds,down,multiply,aggressive,Short Stock or Inverse ETF
Invest in crypto for aggressive returns,etf,down,preserve_capital,moderate,Short Stock or Inverse ETF
Looking for income from bonds,bonds,down,hedge,aggressive,Short Stock or Inverse ETF
I think TSLA will stay flat this week,etf,up,multiply,moderate,Iron Condor
I want to double my money on XLF,options,neutral,multiply,aggressive,Bear Put Spread
I want to double my money on AAPL,stock,neutral,preserve_capital,aggressive,Bear Put Spread
Build a bond ladder for consistent income,stock,down,income,conservative,Short Stock or Inverse ETF
Speculating on major moves in BTC,etf,up,preserve_capital,moderate,Bull Call Spread
I think GOOG will stay flat this week,bonds,up,hedge,aggressive,Iron Condor
I want to double my money on AAPL,etf,down,preserve_capital,conservative,Bear Put Spread
Need to protect downside in my holdings,etf,neutral,preserve_capital,aggressive,Iron Condor
I think AAPL will stay flat this week,options,down,preserve_capital,aggressive,Bear Put Spread
Invest in crypto for aggressive returns,bonds,neutral,multiply,aggressive,Iron Condor
Speculating on major moves in GOOG,bonds,up,multiply,moderate,Bull Call Spread
Looking for income from crypto,crypto,down,income,conservative,Short Stock or Inverse ETF
I want to double my money on BTC,stock,down,preserve_capital,conservative,Bear Put Spread
Looking for income from bonds,bonds,up,hedge,moderate,Bond Ladder
Trying to hedge my portfolio with TSLA,options,neutral,hedge,aggressive,Iron Condor
I want to double my money on AAPL,crypto,up,income,aggressive,Bull Call Spread
I think QQQ will stay flat this week,crypto,up,multiply,moderate,Iron Condor
Need to protect downside in my holdings,stock,down,hedge,moderate,Short Stock or Inverse ETF
Build a bond ladder for consistent income,etf,up,,moderate,Covered Call
Trying to hedge my portfolio with BND,bonds,neutral,hedge,moderate,Iron Condor
Build a bond ladder for consistent income,options,neutral,income,moderate,Iron Condor
Trying to hedge my portfolio with ETH,stock,up,,aggressive,Protective Put
Looking for income from options,options,up,hedge,aggressive,Covered Call
I believe GLD will drop significantly,crypto,down,hedge,aggressive,Short Stock or Inverse ETF
Speculating on major moves in SPY,crypto,up,hedge,aggressive,Bull Call Spread
I want to double my money on BTC,options,up,income,moderate,Bull Call Spread
Invest in crypto for aggressive returns,etf,neutral,preserve_capital,conservative,Iron Condor
I believe BTC will drop significantly,options,down,,moderate,Bear Put Spread
Build a bond ladder for consistent income,stock,down,income,aggressive,Short Stock or Inverse ETF
Build a bond ladder for consistent income,bonds,down,hedge,conservative,Short Stock or Inverse ETF
Invest in crypto for aggressive returns,etf,neutral,income,moderate,Iron Condor
Invest in crypto for aggressive returns,options,down,hedge,moderate,Bear Put Spread
I think TSLA will stay flat this week,options,up,preserve_capital,moderate,Iron Condor
Trying to hedge my portfolio with BND,options,up,income,aggressive,Protective Put
Invest in crypto for aggressive returns,bonds,down,,aggressive,Short Stock or Inverse ETF
Looking for income from options,options,neutral,multiply,conservative,Iron Condor
Speculating on major moves in GLD,options,up,multiply,conservative,Bull Call Spread
Speculating on major moves in TSLA,crypto,down,,aggressive,Bear Put Spread
Speculating on major moves in BTC,options,down,hedge,aggressive,Bear Put Spread
Looking for income from bonds,bonds,up,income,moderate,Bond Ladder
Trying to hedge my portfolio with BND,etf,down,preserve_capital,moderate,Short Stock or Inverse ETF
Need to protect downside in my holdings,crypto,down,multiply,conservative,Short Stock or Inverse ETF
Looking for income from etf,etf,neutral,preserve_capital,conservative,Iron Condor
Need to protect downside in my holdings,bonds,up,hedge,conservative,Protective Put
Looking for income from options,options,up,,moderate,Covered Call
I believe TSLA will drop significantly,etf,neutral,income,aggressive,Short Stock or Inverse ETF
Speculating on major moves in SPY,crypto,down,multiply,aggressive,Bear Put Spread
Need to protect downside in my holdings,stock,up,,aggressive,Protective Put
Build a bond ladder for consistent income,etf,up,income,moderate,Covered Call
Invest in crypto for aggressive returns,crypto,neutral,hedge,moderate,Iron Condor
Invest in crypto for aggressive returns,crypto,up,,conservative,Buy Token
Need to protect downside in my holdings,crypto,down,income,conservative,Short Stock or Inverse ETF
Looking for income from bonds,bonds,down,preserve_capital,aggressive,Short Stock or Inverse ETF
I believe SPY will drop significantly,bonds,down,hedge,moderate,Short Stock or Inverse ETF
Need to protect downside in my holdings,crypto,up,income,conservative,Protective Put
I think TSLA will stay flat this week,options,down,multiply,moderate,Bear Put Spread
Seeking conservative growth with crypto,crypto,down,,aggressive,Short Stock or Inverse ETF
Trying to hedge my portfolio with GOOG,etf,neutral,,aggressive,Iron Condor
Looking for income from crypto,crypto,neutral,,moderate,Iron Condor
Seeking conservative growth with bonds,bonds,neutral,preserve_capital,aggressive,Iron Condor
Build a bond ladder for consistent income,crypto,up,income,aggressive,Covered Call
Invest in crypto for aggressive returns,options,up,multiply,moderate,Buy Token
Build a bond ladder for consistent income,stock,neutral,preserve_capital,aggressive,Iron Condor
Speculating on major moves in AAPL,crypto,down,,moderate,Bear Put Spread
Trying to hedge my portfolio with BTC,stock,neutral,income,conservative,Iron Condor
I believe GLD will drop significantly,options,down,preserve_capital,conservative,Bear Put Spread
Need to protect downside in my holdings,crypto,up,multiply,aggressive,Protective Put
Trying to hedge my portfolio with SPY,crypto,up,income,moderate,Protective Put
Need to protect downside in my holdings,crypto,neutral,multiply,aggressive,Iron Condor
Seeking conservative growth with stock,stock,up,,conservative,Bear Put Spread
Build a bond ladder for consistent income,crypto,up,preserve_capital,aggressive,Covered Call
I think QQQ will stay flat this week,stock,neutral,preserve_capital,conservative,Iron Condor
I think SPY will stay flat this week,bonds,down,,aggressive,Short Stock or Inverse ETF
Invest in crypto for aggressive returns,crypto,neutral,hedge,conservative,Iron Condor
I think GLD will stay flat this week,stock,down,hedge,moderate,Short Stock or Inverse ETF
Trying to hedge my portfolio with BTC,options,up,,conservative,Protective Put
Looking for income from etf,etf,up,preserve_capital,conservative,Covered Call
Looking for income from crypto,crypto,up,multiply,moderate,Covered Call
I believe GLD will drop significantly,etf,up,preserve_capital,moderate,Short Stock or Inverse ETF
Invest in crypto for aggressive returns,bonds,neutral,hedge,conservative,Iron Condor
Speculating on major moves in BND,bonds,up,preserve_capital,conservative,Bull Call Spread
Looking for income from crypto,crypto,up,multiply,conservative,Covered Call
Trying to hedge my portfolio with TSLA,etf,neutral,preserve_capital,aggressive,Iron Condor
Build a bond ladder for consistent income,bonds,neutral,,conservative,Iron Condor
I think XLF will stay flat this week,options,neutral,,aggressive,Iron Condor
Speculating on major moves in AAPL,stock,neutral,income,moderate,Bear Put Spread
Need to protect downside in my holdings,bonds,neutral,hedge,moderate,Iron Condor
Invest in crypto for aggressive returns,etf,down,preserve_capital,moderate,Short Stock or Inverse ETF
Invest in crypto for aggressive returns,options,down,,aggressive,Bear Put Spread
Trying to hedge my portfolio with GLD,stock,down,multiply,moderate,Short Stock or Inverse ETF
Looking for income from etf,etf,up,income,moderate,Covered Call
Speculating on major moves in ETH,etf,down,preserve_capital,conservative,Bear Put Spread
I want to double my money on AAPL,crypto,up,income,conservative,Bull Call Spread
I think GOOG will stay flat this week,options,neutral,income,aggressive,Iron Condor
Seeking conservative growth with options,options,down,,moderate,Bear Put Spread
Speculating on major moves in GLD,etf,neutral,income,moderate,Bear Put Spread
Trying to hedge my portfolio with XLF,etf,up,multiply,moderate,Protective Put
Build a bond ladder for consistent income,bonds,down,multiply,moderate,Short Stock or Inverse ETF
Build a bond ladder for consistent income,etf,up,preserve_capital,conservative,Covered Call
Need to protect downside in my holdings,crypto,up,income,moderate,Protective Put
Trying to hedge my portfolio with AAPL,crypto,down,income,moderate,Short Stock or Inverse ETF
Invest in crypto for aggressive returns,etf,neutral,multiply,conservative,Iron Condor
Need to protect downside in my holdings,stock,down,hedge,conservative,Short Stock or Inverse ETF
Invest in crypto for aggressive returns,options,up,multiply,conservative,Buy Token
Looking for income from stock,stock,up,,conservative,Covered Call
Looking for income from options,options,up,,conservative,Covered Call
Seeking conservative growth with etf,etf,up,preserve_capital,conservative,Protective Put
I believe ETH will drop significantly,crypto,neutral,multiply,aggressive,Short Stock or Inverse ETF
Invest in crypto for aggressive returns,options,up,multiply,moderate,Buy Token
I think GLD will stay flat this week,bonds,neutral,hedge,moderate,Iron Condor
Need to protect downside in my holdings,bonds,down,income,conservative,Short Stock or Inverse ETF
Speculating on major moves in TSLA,stock,up,preserve_capital,moderate,Bull Call Spread
Trying to hedge my portfolio with QQQ,etf,up,hedge,conservative,Protective Put
Seeking conservative growth with etf,etf,neutral,,conservative,Iron Condor
Build a bond ladder for consistent income,crypto,up,multiply,aggressive,Covered Call
Seeking conservative growth with stock,stock,neutral,multiply,moderate,Iron Condor
Need to protect downside in my holdings,etf,down,,aggressive,Short Stock or Inverse ETF
Seeking conservative growth with bonds,bonds,neutral,income,moderate,Iron Condor
I want to double my money on BTC,stock,up,income,moderate,Bull Call Spread
I want to double my money on BND,etf,down,preserve_capital,aggressive,Bear Put Spread
Trying to hedge my portfolio with XLF,stock,down,hedge,conservative,Short Stock or Inverse ETF
Speculating on major moves in GOOG,options,down,preserve_capital,moderate,Bear Put Spread
Need to protect downside in my holdings,etf,down,income,moderate,Short Stock or Inverse ETF
Need to protect downside in my holdings,options,neutral,multiply,conservative,Iron Condor
I think BTC will stay flat this week,etf,down,multiply,aggressive,Short Stock or Inverse ETF
I want to double my money on SPY,etf,up,hedge,moderate,Bull Call Spread
I want to double my money on SPY,stock,up,income,aggressive,Bull Call Spread
Speculating on major moves in GOOG,crypto,neutral,preserve_capital,aggressive,Bear Put Spread
I think QQQ will stay flat this week,stock,down,income,aggressive,Short Stock or Inverse ETF
I want to double my money on XLF,options,neutral,multiply,aggressive,Bear Put Spread
Invest in crypto for aggressive returns,stock,down,hedge,conservative,Short Stock or Inverse ETF
Build a bond ladder for consistent income,bonds,neutral,,moderate,Iron Condor
I think SPY will stay flat this week,crypto,down,multiply,conservative,Short Stock or Inverse ETF
Trying to hedge my portfolio with XLF,etf,neutral,multiply,moderate,Iron Condor
Speculating on major moves in AAPL,etf,neutral,multiply,conservative,Bear Put Spread
Trying to hedge my portfolio with BND,stock,neutral,hedge,aggressive,Iron Condor
Need to protect downside in my holdings,bonds,up,hedge,aggressive,Protective Put
Speculating on major moves in BTC,bonds,down,hedge,moderate,Bear Put Spread
Looking for income from options,options,down,multiply,aggressive,Bear Put Spread
Build a bond ladder for consistent income,stock,up,,aggressive,Covered Call
I think GLD will stay flat this week,bonds,neutral,preserve_capital,aggressive,Iron Condor
Invest in crypto for aggressive returns,crypto,neutral,preserve_capital,conservative,Iron Condor
Invest in crypto for aggressive returns,options,up,,moderate,Buy Token
Need to protect downside in my holdings,etf,neutral,,aggressive,Iron Condor
Build a bond ladder for consistent income,etf,neutral,,moderate,Iron Condor
Speculating on major moves in GLD,bonds,neutral,income,conservative,Bear Put Spread
Need to protect downside in my holdings,options,down,income,conservative,Bear Put Spread
Speculating on major moves in ETH,crypto,down,multiply,conservative,Bear Put Spread
Trying to hedge my portfolio with XLF,stock,neutral,income,conservative,Iron Condor
I believe SPY will drop significantly,options,up,income,moderate,Bear Put Spread
I believe GLD will drop significantly,options,up,,moderate,Bear Put Spread
Trying to hedge my portfolio with BND,options,down,preserve_capital,aggressive,Bear Put Spread
I think ETH will stay flat this week,crypto,down,,moderate,Short Stock or Inverse ETF
I want to double my money on BND,bonds,neutral,hedge,moderate,Bear Put Spread
Looking for income from stock,stock,up,multiply,moderate,Covered Call
Trying to hedge my portfolio with QQQ,bonds,down,income,aggressive,Short Stock or Inverse ETF
Need to protect downside in my holdings,bonds,down,hedge,aggressive,Short Stock or Inverse ETF
I believe BND will drop significantly,stock,down,hedge,moderate,Short Stock or Inverse ETF
Trying to hedge my portfolio with GLD,stock,neutral,hedge,conservative,Iron Condor
I believe XLF will drop significantly,options,down,income,conservative,Bear Put Spread
I believe BTC will drop significantly,crypto,neutral,multiply,moderate,Short Stock or Inverse ETF
Need to protect downside in my holdings,stock,up,income,aggressive,Protective Put
Need to protect downside in my holdings,crypto,down,preserve_capital,moderate,Short Stock or Inverse ETF
I want to double my money on BND,crypto,neutral,,aggressive,Bear Put Spread
Trying to hedge my portfolio with GOOG,etf,up,preserve_capital,moderate,Protective Put
Invest in crypto for aggressive returns,etf,neutral,hedge,moderate,Iron Condor
Seeking conservative growth with etf,etf,up,multiply,conservative,Short Stock or Inverse ETF
Speculating on major moves in QQQ,bonds,down,multiply,aggressive,Bear Put Spread
I want to double my money on GLD,etf,neutral,preserve_capital,moderate,Bear Put Spread
I think ETH will stay flat this week,etf,down,hedge,aggressive,Short Stock or Inverse ETF
I want to double my money on BTC,bonds,up,income,conservative,Bull Call Spread
I think SPY will stay flat this week,options,neutral,,moderate,Iron Condor
Looking for income from options,options,down,multiply,conservative,Bear Put Spread
Looking for income from crypto,crypto,neutral,multiply,aggressive,Iron Condor
Invest in crypto for aggressive returns,etf,down,preserve_capital,conservative,Short Stock or Inverse ETF
I believe TSLA will drop significantly,bonds,down,preserve_capital,conservative,Short Stock or Inverse ETF
Trying to hedge my portfolio with BND,etf,up,income,aggressive,Protective Put
Build a bond ladder for consistent income,crypto,down,multiply,aggressive,Short Stock or Inverse ETF
Invest in crypto for aggressive returns,etf,neutral,preserve_capital,aggressive,Iron Condor
Trying to hedge my portfolio with BND,crypto,neutral,preserve_capital,moderate,Iron Condor
Trying to hedge my portfolio with GOOG,stock,down,hedge,moderate,Short Stock or Inverse ETF
Seeking conservative growth with etf,etf,up,income,moderate,Protective Put
I believe BTC will drop significantly,options,neutral,income,moderate,Bear Put Spread
Looking for income from crypto,crypto,neutral,income,aggressive,Iron Condor
I believe TSLA will drop significantly,stock,down,hedge,moderate,Short Stock or Inverse ETF
I think BND will stay flat this week,crypto,down,,aggressive,Short Stock or Inverse ETF
Seeking conservative growth with bonds,bonds,neutral,hedge,aggressive,Iron Condor
I believe QQQ will drop significantly,crypto,down,,conservative,Short Stock or Inverse ETF
I want to double my money on GOOG,stock,down,multiply,conservative,Bear Put Spread
I want to double my money on GLD,stock,up,multiply,conservative,Bull Call Spread
Seeking conservative growth with crypto,crypto,up,,moderate,Buy Token
Need to protect downside in my holdings,bonds,up,multiply,moderate,Protective Put
Seeking conservative growth with crypto,crypto,down,income,aggressive,Short Stock or Inverse ETF
I believe SPY will drop significantly,bonds,neutral,hedge,conservative,Short Stock or Inverse ETF
Seeking conservative growth with bonds,bonds,up,income,aggressive,Iron Condor
Looking for income from etf,etf,up,hedge,aggressive,Covered Call
Need to protect downside in my holdings,stock,down,,aggressive,Short Stock or Inverse ETF
Invest in crypto for aggressive returns,stock,neutral,hedge,moderate,Iron Condor
Need to protect downside in my holdings,bonds,down,multiply,aggressive,Short Stock or Inverse ETF
Seeking conservative growth with etf,etf,up,income,aggressive,Bull Call Spread
Speculating on major moves in AAPL,stock,up,preserve_capital,moderate,Bull Call Spread
Looking for income from etf,etf,down,,conservative,Short Stock or Inverse ETF
Speculating on major moves in AAPL,etf,neutral,,aggressive,Bear Put Spread
I think QQQ will stay flat this week,options,up,income,moderate,Iron Condor
Invest in crypto for aggressive returns,bonds,neutral,income,conservative,Iron Condor
I want to double my money on ETH,stock,down,preserve_capital,aggressive,Bear Put Spread
I believe XLF will drop significantly,bonds,up,income,conservative,Short Stock or Inverse ETF
I think QQQ will stay flat this week,options,up,income,moderate,Iron Condor
Trying to hedge my portfolio with QQQ,crypto,down,hedge,aggressive,Short Stock or Inverse ETF
Speculating on major moves in QQQ,bonds,neutral,,moderate,Bear Put Spread
I want to double my money on TSLA,bonds,up,preserve_capital,conservative,Bull Call Spread
I think GOOG will stay flat this week,stock,down,,aggressive,Short Stock or Inverse ETF
Looking for income from stock,stock,down,,aggressive,Short Stock or Inverse ETF
I think AAPL will stay flat this week,options,up,multiply,conservative,Iron Condor
I want to double my money on GOOG,options,neutral,preserve_capital,moderate,Bear Put Spread
Seeking conservative growth with etf,etf,down,multiply,conservative,Short Stock or Inverse ETF
Seeking conservative growth with crypto,crypto,up,preserve_capital,aggressive,Protective Put
Invest in crypto for aggressive returns,bonds,up,multiply,conservative,Buy Token
Build a bond ladder for consistent income,options,neutral,hedge,conservative,Iron Condor
Invest in crypto for aggressive returns,options,up,hedge,conservative,Buy Token
Trying to hedge my portfolio with BTC,options,down,preserve_capital,aggressive,Bear Put Spread
Build a bond ladder for consistent income,stock,up,income,aggressive,Covered Call
Trying to hedge my portfolio with ETH,crypto,up,,conservative,Protective Put
Build a bond ladder for consistent income,options,up,income,conservative,Covered Call
Looking for income from bonds,bonds,down,hedge,aggressive,Short Stock or Inverse ETF
I want to double my money on ETH,options,neutral,multiply,conservative,Bear Put Spread
I want to double my money on TSLA,stock,up,income,moderate,Bull Call Spread
Need to protect downside in my holdings,options,up,income,moderate,Protective Put
Looking for income from stock,stock,down,hedge,aggressive,Short Stock or Inverse ETF
Invest in crypto for aggressive returns,stock,neutral,hedge,aggressive,Iron Condor
I want to double my money on BTC,stock,down,multiply,aggressive,Bear Put Spread
Looking for income from etf,etf,neutral,hedge,moderate,Iron Condor
Need to protect downside in my holdings,crypto,up,income,conservative,Protective Put
Looking for income from stock,stock,down,preserve_capital,conservative,Short Stock or Inverse ETF
Trying to hedge my portfolio with BND,etf,neutral,income,aggressive,Iron Condor
Need to protect downside in my holdings,etf,down,income,conservative,Short Stock or Inverse ETF
I think TSLA will stay flat this week,etf,down,multiply,moderate,Short Stock or Inverse ETF
I believe XLF will drop significantly,bonds,down,multiply,conservative,Short Stock or Inverse ETF
Looking for income from stock,stock,up,hedge,moderate,Covered Call
Seeking conservative growth with bonds,bonds,up,multiply,aggressive,Covered Call
Speculating on major moves in ETH,stock,neutral,income,moderate,Bear Put Spread
Speculating on major moves in GLD,bonds,down,,conservative,Bear Put Spread
Trying to hedge my portfolio with TSLA,crypto,up,income,aggressive,Protective Put
Need to protect downside in my holdings,stock,neutral,hedge,conservative,Iron Condor
Trying to hedge my portfolio with AAPL,options,up,,moderate,Protective Put
Speculating on major moves in QQQ,stock,neutral,hedge,conservative,Bear Put Spread
I want to double my money on ETH,bonds,neutral,preserve_capital,conservative,Bear Put Spread
Looking for income from stock,stock,down,income,conservative,Short Stock or Inverse ETF
Looking for income from options,options,neutral,hedge,moderate,Iron Condor
Build a bond ladder for consistent income,crypto,neutral,multiply,moderate,Iron Condor
Seeking conservative growth with stock,stock,down,income,moderate,Short Stock or Inverse ETF
I want to double my money on AAPL,stock,neutral,,aggressive,Bear Put Spread
Invest in crypto for aggressive returns,bonds,up,income,conservative,Buy Token
Speculating on major moves in XLF,etf,neutral,income,aggressive,Bear Put Spread
Speculating on major moves in TSLA,crypto,down,multiply,moderate,Bear Put Spread
Build a bond ladder for consistent income,etf,up,hedge,moderate,Covered Call
I want to double my money on BND,options,neutral,multiply,moderate,Bear Put Spread
Speculating on major moves in BTC,options,neutral,multiply,moderate,Bear Put Spread
I think AAPL will stay flat this week,bonds,down,multiply,conservative,Short Stock or Inverse ETF
Build a bond ladder for consistent income,etf,down,income,moderate,Short Stock or Inverse ETF
Looking for income from crypto,crypto,neutral,income,conservative,Iron Condor
I believe GLD will drop significantly,stock,up,,conservative,Short Stock or Inverse ETF
Need to protect downside in my holdings,bonds,neutral,multiply,aggressive,Iron Condor
Speculating on major moves in XLF,options,neutral,preserve_capital,moderate,Bear Put Spread
I think XLF will stay flat this week,stock,up,preserve_capital,moderate,Iron Condor
I believe ETH will drop significantly,crypto,down,preserve_capital,conservative,Short Stock or Inverse ETF
Speculating on major moves in BTC,bonds,down,hedge,moderate,Bear Put Spread
Speculating on major moves in TSLA,options,down,preserve_capital,conservative,Bear Put Spread
Build a bond ladder for consistent income,crypto,down,income,aggressive,Short Stock or Inverse ETF
I believe SPY will drop significantly,options,neutral,hedge,conservative,Bear Put Spread
Looking for income from stock,stock,neutral,hedge,conservative,Iron Condor
Invest in crypto for aggressive returns,options,neutral,hedge,moderate,Iron Condor
I want to double my money on SPY,stock,neutral,income,conservative,Bear Put Spread
I think BND will stay flat this week,stock,up,hedge,moderate,Iron Condor
Speculating on major moves in GLD,etf,neutral,preserve_capital,conservative,Bear Put Spread
I believe QQQ will drop significantly,options,down,hedge,conservative,Bear Put Spread
I believe BND will drop significantly,stock,down,preserve_capital,aggressive,Short Stock or Inverse ETF
I think TSLA will stay flat this week,etf,neutral,income,moderate,Iron Condor
I want to double my money on BND,stock,neutral,,moderate,Bear Put Spread
I think GLD will stay flat this week,crypto,down,income,aggressive,Short Stock or Inverse ETF
Build a bond ladder for consistent income,etf,up,multiply,conservative,Covered Call
Need to protect downside in my holdings,etf,down,multiply,moderate,Short Stock or Inverse ETF
Trying to hedge my portfolio with TSLA,etf,down,income,aggressive,Short Stock or Inverse ETF
Trying to hedge my portfolio with SPY,options,up,,conservative,Protective Put
Trying to hedge my portfolio with GOOG,stock,up,income,conservative,Protective Put
Trying to hedge my portfolio with TSLA,etf,down,multiply,moderate,Short Stock or Inverse ETF
I believe ETH will drop significantly,bonds,up,multiply,aggressive,Short Stock or Inverse ETF
Invest in crypto for aggressive returns,options,up,,conservative,Buy Token
Build a bond ladder for consistent income,bonds,neutral,hedge,conservative,Iron Condor
Seeking conservative growth with bonds,bonds,up,,conservative,Bull Call Spread
Seeking conservative growth with etf,etf,down,multiply,moderate,Short Stock or Inverse ETF
Need to protect downside in my holdings,etf,neutral,multiply,conservative,Iron Condor
I believe BND will drop significantly,stock,neutral,hedge,aggressive,Short Stock or Inverse ETF
Seeking conservative growth with options,options,up,,aggressive,Covered Call
Trying to hedge my portfolio with BTC,stock,neutral,preserve_capital,conservative,Iron Condor
Invest in crypto for aggressive returns,stock,up,hedge,conservative,Buy Token
Trying to hedge my portfolio with SPY,crypto,neutral,income,aggressive,Iron Condor
Build a bond ladder for consistent income,etf,up,preserve_capital,moderate,Covered Call
I think ETH will stay flat this week,stock,neutral,hedge,moderate,Iron Condor
Seeking conservative growth with options,options,neutral,hedge,moderate,Iron Condor
I believe BTC will drop significantly,etf,up,preserve_capital,aggressive,Short Stock or Inverse ETF
Looking for income from stock,stock,neutral,income,aggressive,Iron Condor
Trying to hedge my portfolio with QQQ,options,up,multiply,conservative,Protective Put
I think GOOG will stay flat this week,bonds,down,hedge,aggressive,Short Stock or Inverse ETF
I believe BTC will drop significantly,options,down,preserve_capital,conservative,Bear Put Spread
Build a bond ladder for consistent income,crypto,neutral,income,aggressive,Iron Condor
Trying to hedge my portfolio with GLD,stock,down,preserve_capital,aggressive,Short Stock or Inverse ETF
Seeking conservative growth with stock,stock,neutral,,moderate,Iron Condor
Seeking conservative growth with bonds,bonds,neutral,preserve_capital,conservative,Iron Condor
Build a bond ladder for consistent income,options,up,income,conservative,Covered Call
Build a bond ladder for consistent income,options,neutral,income,conservative,Iron Condor
Build a bond ladder for consistent income,options,up,,conservative,Covered Call
I want to double my money on AAPL,options,down,preserve_capital,moderate,Bear Put Spread
Trying to hedge my portfolio with XLF,crypto,neutral,preserve_capital,moderate,Iron Condor
Need to protect downside in my holdings,bonds,neutral,multiply,conservative,Iron Condor
Looking for income from crypto,crypto,up,multiply,aggressive,Covered Call
Need to protect downside in my holdings,etf,up,preserve_capital,conservative,Protective Put
Seeking conservative growth with bonds,bonds,up,income,conservative,Bond Ladder
Need to protect downside in my holdings,etf,neutral,income,aggressive,Iron Condor
Need to protect downside in my holdings,options,neutral,income,conservative,Iron Condor
Seeking conservative growth with crypto,crypto,up,multiply,moderate,Buy Token
Seeking conservative growth with stock,stock,neutral,income,moderate,Iron Condor
Need to protect downside in my holdings,crypto,up,preserve_capital,conservative,Protective Put
Speculating on major moves in QQQ,etf,up,,moderate,Bull Call Spread
Need to protect downside in my holdings,options,up,income,aggressive,Protective Put
Speculating on major moves in BTC,options,up,hedge,moderate,Bull Call Spread
Seeking conservative growth with options,options,up,preserve_capital,conservative,Protective Put
Seeking conservative growth with options,options,up,preserve_capital,aggressive,Protective Put
Build a bond ladder for consistent income,etf,down,hedge,moderate,Short Stock or Inverse ETF
Looking for income from etf,etf,up,income,moderate,Covered Call
Build a bond ladder for consistent income,etf,down,preserve_capital,aggressive,Short Stock or Inverse ETF
Speculating on major moves in ETH,options,up,multiply,aggressive,Bull Call Spread
Speculating on major moves in BND,bonds,neutral,multiply,moderate,Bear Put Spread
Looking for income from stock,stock,neutral,,moderate,Iron Condor
I believe GOOG will drop significantly,crypto,up,,conservative,Short Stock or Inverse ETF
Trying to hedge my portfolio with BND,crypto,down,multiply,aggressive,Short Stock or Inverse ETF
Speculating on major moves in AAPL,options,neutral,hedge,moderate,Bear Put Spread
Need to protect downside in my holdings,etf,up,preserve_capital,moderate,Protective Put
I want to double my money on ETH,bonds,down,,conservative,Bear Put Spread
I believe ETH will drop significantly,bonds,up,income,aggressive,Short Stock or Inverse ETF
Speculating on major moves in GLD,crypto,neutral,income,conservative,Bear Put Spread
Speculating on major moves in GOOG,crypto,down,hedge,moderate,Bear Put Spread
Speculating on major moves in GLD,etf,neutral,,conservative,Bear Put Spread
Need to protect downside in my holdings,stock,neutral,,conservative,Iron Condor
Looking for income from options,options,up,,moderate,Covered Call
I think BND will stay flat this week,bonds,neutral,hedge,conservative,Iron Condor
I want to double my money on XLF,options,up,income,aggressive,Bull Call Spread
Looking for income from crypto,crypto,neutral,income,conservative,Iron Condor
I believe SPY will drop significantly,options,up,hedge,moderate,Bear Put Spread
Invest in crypto for aggressive returns,bonds,up,income,conservative,Buy Token
Looking for income from crypto,crypto,neutral,income,moderate,Iron Condor
I want to double my money on ETH,etf,up,hedge,moderate,Bull Call Spread
I believe ETH will drop significantly,etf,neutral,multiply,conservative,Short Stock or Inverse ETF
I think TSLA will stay flat this week,etf,neutral,income,aggressive,Iron Condor
I want to double my money on SPY,crypto,neutral,,conservative,Bear Put Spread
Invest in crypto for aggressive returns,etf,neutral,,moderate,Iron Condor
Seeking conservative growth with stock,stock,down,hedge,moderate,Short Stock or Inverse ETF
Need to protect downside in my holdings,bonds,down,preserve_capital,moderate,Short Stock or Inverse ETF
Invest in crypto for aggressive returns,crypto,up,,aggressive,Buy Token
Looking for income from options,options,neutral,income,moderate,Iron Condor
Need to protect downside in my holdings,crypto,up,preserve_capital,conservative,Protective Put
I want to double my money on GLD,etf,up,income,aggressive,Bull Call Spread
Trying to hedge my portfolio with GLD,crypto,neutral,multiply,aggressive,Iron Condor
I want to double my money on AAPL,options,down,income,aggressive,Bear Put Spread
I think GOOG will stay flat this week,crypto,neutral,preserve_capital,conservative,Iron Condor
Build a bond ladder for consistent income,bonds,up,preserve_capital,moderate,Bond Ladder
Build a bond ladder for consistent income,stock,up,income,conservative,Covered Call
Need to protect downside in my holdings,crypto,down,hedge,conservative,Short Stock or Inverse ETF
I believe XLF will drop significantly,crypto,up,,moderate,Short Stock or Inverse ETF
Build a bond ladder for consistent income,bonds,down,,conservative,Short Stock or Inverse ETF
I think AAPL will stay flat this week,etf,up,preserve_capital,aggressive,Iron Condor
Looking for income from stock,stock,down,income,moderate,Short Stock or Inverse ETF
Build a bond ladder for consistent income,stock,up,,conservative,Covered Call
Need to protect downside in my holdings,crypto,up,hedge,conservative,Protective Put
I think QQQ will stay flat this week,options,up,,conservative,Iron Condor
Looking for income from crypto,crypto,up,income,conservative,Covered Call
Invest in crypto for aggressive returns,options,down,multiply,aggressive,Bear Put Spread
Build a bond ladder for consistent income,etf,down,income,conservative,Short Stock or Inverse ETF
Seeking conservative growth with options,options,down,,conservative,Bear Put Spread
Build a bond ladder for consistent income,crypto,down,income,conservative,Short Stock or Inverse ETF
I think QQQ will stay flat this week,stock,neutral,income,conservative,Iron Condor
I think ETH will stay flat this week,crypto,down,,moderate,Short Stock or Inverse ETF
Trying to hedge my portfolio with BTC,stock,neutral,income,conservative,Iron Condor
Speculating on major moves in GLD,bonds,neutral,preserve_capital,moderate,Bear Put Spread
Speculating on major moves in ETH,bonds,up,,conservative,Bull Call Spread
Build a bond ladder for consistent income,bonds,up,,moderate,Bond Ladder
Build a bond ladder for consistent income,stock,neutral,multiply,aggressive,Iron Condor
Looking for income from stock,stock,neutral,preserve_capital,moderate,Iron Condor
Looking for income from stock,stock,down,,moderate,Short Stock or Inverse ETF
Looking for income from bonds,bonds,up,multiply,conservative,Bond Ladder
Looking for income from stock,stock,up,hedge,aggressive,Covered Call
I believe ETH will drop significantly,crypto,up,hedge,conservative,Short Stock or Inverse ETF
Looking for income from stock,stock,neutral,hedge,conservative,Iron Condor
I think XLF will stay flat this week,crypto,neutral,income,moderate,Iron Condor
Invest in crypto for aggressive returns,bonds,down,,conservative,Short Stock or Inverse ETF
Need to protect downside in my holdings,crypto,up,preserve_capital,conservative,Protective Put
Seeking conservative growth with etf,etf,neutral,preserve_capital,aggressive,Iron Condor
Invest in crypto for aggressive returns,crypto,down,income,conservative,Short Stock or Inverse ETF
I think SPY will stay flat this week,etf,up,,moderate,Iron Condor
Seeking conservative growth with stock,stock,up,,aggressive,Buy Token
Invest in crypto for aggressive returns,options,down,,conservative,Bear Put Spread
Need to protect downside in my holdings,etf,up,preserve_capital,moderate,Protective Put
Speculating on major moves in XLF,etf,up,hedge,aggressive,Bull Call Spread
Invest in crypto for aggressive returns,crypto,up,hedge,conservative,Buy Token
I think QQQ will stay flat this week,stock,up,multiply,moderate,Iron Condor
Looking for income from options,options,neutral,preserve_capital,aggressive,Iron Condor
Invest in crypto for aggressive returns,options,neutral,income,conservative,Iron Condor
Looking for income from crypto,crypto,down,multiply,conservative,Short Stock or Inverse ETF
Looking for income from options,options,down,,aggressive,Bear Put Spread
I want to double my money on SPY,etf,up,hedge,aggressive,Bull Call Spread
Trying to hedge my portfolio with GLD,options,down,preserve_capital,moderate,Bear Put Spread
Trying to hedge my portfolio with AAPL,bonds,down,income,aggressive,Short Stock or Inverse ETF
I think GOOG will stay flat this week,bonds,neutral,multiply,moderate,Iron Condor
Seeking conservative growth with stock,stock,down,income,conservative,Short Stock or Inverse ETF
I think ETH will stay flat this week,bonds,down,income,conservative,Short Stock or Inverse ETF
I believe GOOG will drop significantly,bonds,up,,moderate,Short Stock or Inverse ETF
Need to protect downside in my holdings,stock,down,preserve_capital,aggressive,Short Stock or Inverse ETF
Invest in crypto for aggressive returns,options,up,preserve_capital,conservative,Protective Put
Invest in crypto for aggressive returns,stock,down,preserve_capital,conservative,Short Stock or Inverse ETF
Seeking conservative growth with stock,stock,neutral,,moderate,Iron Condor
I believe BTC will drop significantly,options,neutral,,aggressive,Bear Put Spread
Invest in crypto for aggressive returns,stock,neutral,preserve_capital,aggressive,Iron Condor
I think ETH will stay flat this week,bonds,down,,moderate,Short Stock or Inverse ETF
Invest in crypto for aggressive returns,options,neutral,hedge,aggressive,Iron Condor
Trying to hedge my portfolio with TSLA,etf,up,preserve_capital,conservative,Protective Put
Invest in crypto for aggressive returns,stock,neutral,,conservative,Iron Condor
Need to protect downside in my holdings,stock,up,income,aggressive,Protective Put
I want to double my money on GOOG,etf,neutral,multiply,aggressive,Bear Put Spread
Need to protect downside in my holdings,stock,up,hedge,conservative,Protective Put
Build a bond ladder for consistent income,crypto,down,hedge,conservative,Short Stock or Inverse ETF
Looking for income from options,options,up,,conservative,Covered Call
Trying to hedge my portfolio with ETH,etf,up,,conservative,Protective Put
Looking for income from bonds,bonds,up,preserve_capital,moderate,Bond Ladder
Invest in crypto for aggressive returns,options,neutral,hedge,conservative,Iron Condor
Invest in crypto for aggressive returns,crypto,up,hedge,conservative,Buy Token
Seeking conservative growth with stock,stock,up,preserve_capital,conservative,Protective Put
Speculating on major moves in AAPL,bonds,up,,moderate,Bull Call Spread
I want to double my money on AAPL,bonds,up,,aggressive,Bull Call Spread
Invest in crypto for aggressive returns,options,neutral,hedge,aggressive,Iron Condor
Need to protect downside in my holdings,crypto,neutral,income,moderate,Iron Condor
Trying to hedge my portfolio with ETH,crypto,up,income,conservative,Protective Put
I want to double my money on XLF,bonds,down,preserve_capital,aggressive,Bear Put Spread
I believe XLF will drop significantly,options,neutral,,aggressive,Bear Put Spread
Invest in crypto for aggressive returns,stock,up,multiply,aggressive,Buy Token
I want to double my money on XLF,bonds,up,,aggressive,Bull Call Spread
Looking for income from options,options,neutral,hedge,aggressive,Iron Condor
Looking for income from bonds,bonds,down,multiply,moderate,Short Stock or Inverse ETF
Looking for income from etf,etf,up,,moderate,Covered Call
I want to double my money on BTC,bonds,down,income,conservative,Bear Put Spread
Build a bond ladder for consistent income,stock,neutral,preserve_capital,conservative,Iron Condor
Speculating on major moves in SPY,bonds,down,multiply,moderate,Bear Put Spread
I want to double my money on ETH,stock,up,,moderate,Bull Call Spread
Trying to hedge my portfolio with BND,options,down,preserve_capital,conservative,Bear Put Spread
I believe GLD will drop significantly,bonds,up,preserve_capital,conservative,Short Stock or Inverse ETF
Invest in crypto for aggressive returns,etf,neutral,hedge,conservative,Iron Condor
Need to protect downside in my holdings,stock,up,multiply,aggressive,Protective Put
Need to protect downside in my holdings,etf,down,hedge,aggressive,Short Stock or Inverse ETF
Speculating on major moves in SPY,stock,up,income,conservative,Bull Call Spread
Seeking conservative growth with etf,etf,down,preserve_capital,aggressive,Short Stock or Inverse ETF
I want to double my money on SPY,etf,up,hedge,aggressive,Bull Call Spread
Seeking conservative growth with stock,stock,neutral,multiply,moderate,Iron Condor
Build a bond ladder for consistent income,stock,up,preserve_capital,moderate,Covered Call
Trying to hedge my portfolio with XLF,crypto,down,preserve_capital,conservative,Short Stock or Inverse ETF
Looking for income from crypto,crypto,down,preserve_capital,moderate,Short Stock or Inverse ETF
Need to protect downside in my holdings,crypto,down,hedge,moderate,Short Stock or Inverse ETF
Invest in crypto for aggressive returns,etf,neutral,income,conservative,Iron Condor
Need to protect downside in my holdings,stock,up,preserve_capital,moderate,Protective Put
I want to double my money on BTC,etf,neutral,multiply,conservative,Bear Put Spread
Speculating on major moves in AAPL,stock,up,multiply,moderate,Bull Call Spread
Trying to hedge my portfolio with BND,etf,down,,aggressive,Short Stock or Inverse ETF
Need to protect downside in my holdings,stock,down,,moderate,Short Stock or Inverse ETF
I want to double my money on ETH,options,neutral,income,moderate,Bear Put Spread
Need to protect downside in my holdings,options,neutral,hedge,aggressive,Iron Condor
I think QQQ will stay flat this week,bonds,up,income,aggressive,Iron Condor
Invest in crypto for aggressive returns,crypto,up,income,aggressive,Buy Token
Seeking conservative growth with options,options,up,hedge,aggressive,Short Stock or Inverse ETF
I want to double my money on GOOG,etf,down,multiply,conservative,Bear Put Spread
Seeking conservative growth with stock,stock,neutral,multiply,aggressive,Iron Condor
Need to protect downside in my holdings,stock,up,,moderate,Protective Put
I believe GLD will drop significantly,options,down,preserve_capital,conservative,Bear Put Spread
Need to protect downside in my holdings,bonds,neutral,preserve_capital,moderate,Iron Condor
Seeking conservative growth with crypto,crypto,down,,aggressive,Short Stock or Inverse ETF
Trying to hedge my portfolio with GOOG,bonds,up,hedge,conservative,Protective Put
Seeking conservative growth with crypto,crypto,up,multiply,aggressive,Buy Token
Need to protect downside in my holdings,stock,down,multiply,conservative,Short Stock or Inverse ETF
Looking for income from options,options,down,multiply,conservative,Bear Put Spread
I think GOOG will stay flat this week,bonds,neutral,multiply,conservative,Iron Condor
Need to protect downside in my holdings,stock,up,income,aggressive,Protective Put
I think SPY will stay flat this week,stock,down,hedge,conservative,Short Stock or Inverse ETF
Speculating on major moves in GOOG,crypto,neutral,preserve_capital,conservative,Bear Put Spread
Speculating on major moves in ETH,stock,neutral,multiply,aggressive,Bear Put Spread
Looking for income from stock,stock,neutral,preserve_capital,aggressive,Iron Condor
Build a bond ladder for consistent income,bonds,neutral,hedge,aggressive,Iron Condor
Invest in crypto for aggressive returns,stock,neutral,,conservative,Iron Condor
Looking for income from etf,etf,down,multiply,moderate,Short Stock or Inverse ETF
I want to double my money on TSLA,stock,down,multiply,conservative,Bear Put Spread
I think AAPL will stay flat this week,crypto,up,preserve_capital,aggressive,Iron Condor
I think QQQ will stay flat this week,crypto,neutral,hedge,conservative,Iron Condor
Invest in crypto for aggressive returns,stock,neutral,hedge,moderate,Iron Condor
Seeking conservative growth with etf,etf,neutral,multiply,conservative,Iron Condor
Trying to hedge my portfolio with BTC,bonds,up,preserve_capital,moderate,Protective Put
Invest in crypto for aggressive returns,stock,neutral,preserve_capital,aggressive,Iron Condor
I believe BND will drop significantly,options,down,hedge,conservative,Bear Put Spread
Build a bond ladder for consistent income,bonds,neutral,multiply,moderate,Iron Condor
Need to protect downside in my holdings,stock,down,,aggressive,Short Stock or Inverse ETF
I want to double my money on GOOG,etf,down,,aggressive,Bear Put Spread
Looking for income from etf,etf,down,hedge,moderate,Short Stock or Inverse ETF
Looking for income from stock,stock,up,,aggressive,Covered Call
I want to double my money on SPY,crypto,up,preserve_capital,aggressive,Bull Call Spread
Need to protect downside in my holdings,crypto,down,hedge,conservative,Short Stock or Inverse ETF
Seeking conservative growth with etf,etf,neutral,preserve_capital,aggressive,Iron Condor
Need to protect downside in my holdings,crypto,up,hedge,aggressive,Protective Put
I think AAPL will stay flat this week,options,neutral,hedge,moderate,Iron Condor
Looking for income from options,options,down,,conservative,Bear Put Spread
Looking for income from options,options,neutral,preserve_capital,aggressive,Iron Condor
I think XLF will stay flat this week,crypto,down,,aggressive,Short Stock or Inverse ETF
I believe BTC will drop significantly,etf,up,income,aggressive,Short Stock or Inverse ETF
Build a bond ladder for consistent income,bonds,neutral,,aggressive,Iron Condor
Speculating on major moves in TSLA,etf,neutral,multiply,moderate,Bear Put Spread
Need to protect downside in my holdings,stock,neutral,,moderate,Iron Condor
Seeking conservative growth with etf,etf,up,income,conservative,Buy Token
I believe GOOG will drop significantly,stock,neutral,preserve_capital,conservative,Short Stock or Inverse ETF
Looking for income from etf,etf,down,income,aggressive,Short Stock or Inverse ETF
Invest in crypto for aggressive returns,options,down,,conservative,Bear Put Spread
Looking for income from options,options,up,,aggressive,Covered Call
Build a bond ladder for consistent income,bonds,neutral,income,aggressive,Iron Condor
Build a bond ladder for consistent income,stock,down,hedge,moderate,Short Stock or Inverse ETF
Looking for income from etf,etf,neutral,,moderate,Iron Condor
I think ETH will stay flat this week,bonds,neutral,hedge,aggressive,Iron Condor
I think BTC will stay flat this week,crypto,neutral,income,moderate,Iron Condor
I want to double my money on XLF,bonds,up,hedge,conservative,Bull Call Spread
Looking for income from stock,stock,down,,moderate,Short Stock or Inverse ETF
Need to protect downside in my holdings,stock,neutral,preserve_capital,moderate,Iron Condor
Invest in crypto for aggressive returns,stock,down,multiply,moderate,Short Stock or Inverse ETF
I believe ETH will drop significantly,stock,up,income,aggressive,Short Stock or Inverse ETF
I believe ETH will drop significantly,options,up,multiply,aggressive,Bear Put Spread
Invest in crypto for aggressive returns,stock,neutral,hedge,aggressive,Iron Condor
Trying to hedge my portfolio with BND,etf,neutral,income,conservative,Iron Condor
I think BND will stay flat this week,options,up,,conservative,Iron Condor
I want to double my money on XLF,bonds,neutral,,conservative,Bear Put Spread
Speculating on major moves in XLF,etf,down,income,conservative,Bear Put Spread
Speculating on major moves in GOOG,bonds,neutral,preserve_capital,aggressive,Bear Put Spread
Seeking conservative growth with options,options,up,income,aggressive,Short Stock or Inverse ETF
I want to double my money on AAPL,bonds,down,income,moderate,Bear Put Spread
Build a bond ladder for consistent income,bonds,down,hedge,aggressive,Short Stock or Inverse ETF
Invest in crypto for aggressive returns,etf,up,multiply,conservative,Buy Token
Invest in crypto for aggressive returns,crypto,neutral,preserve_capital,conservative,Iron Condor
I believe BTC will drop significantly,bonds,neutral,,aggressive,Short Stock or Inverse ETF
Seeking conservative growth with stock,stock,up,preserve_capital,conservative,Protective Put
I believe BTC will drop significantly,etf,down,,aggressive,Short Stock or Inverse ETF
Looking for income from bonds,bonds,down,preserve_capital,aggressive,Short Stock or Inverse ETF
Speculating on major moves in BTC,crypto,up,multiply,moderate,Bull Call Spread
I believe BTC will drop significantly,stock,down,preserve_capital,moderate,Short Stock or Inverse ETF
Trying to hedge my portfolio with AAPL,bonds,down,hedge,aggressive,Short Stock or Inverse ETF
Speculating on major moves in BTC,etf,neutral,,conservative,Bear Put Spread
I think GLD will stay flat this week,stock,down,hedge,aggressive,Short Stock or Inverse ETF
Build a bond ladder for consistent income,options,neutral,hedge,aggressive,Iron Condor
I want to double my money on XLF,stock,down,,aggressive,Bear Put Spread
I want to double my money on GLD,stock,up,income,aggressive,Bull Call Spread
Invest in crypto for aggressive returns,bonds,neutral,,moderate,Iron Condor
I believe BND will drop significantly,bonds,neutral,multiply,aggressive,Short Stock or Inverse ETF
Need to protect downside in my holdings,etf,down,,conservative,Short Stock or Inverse ETF
Invest in crypto for aggressive returns,options,down,,aggressive,Bear Put Spread
Seeking conservative growth with etf,etf,down,preserve_capital,aggressive,Short Stock or Inverse ETF
Build a bond ladder for consistent income,options,neutral,,aggressive,Iron Condor
Trying to hedge my portfolio with ETH,options,up,multiply,aggressive,Protective Put
I think BND will stay flat this week,bonds,down,,moderate,Short Stock or Inverse ETF
Invest in crypto for aggressive returns,stock,down,,moderate,Short Stock or Inverse ETF
Speculating on major moves in BND,bonds,down,income,conservative,Bear Put Spread
I believe XLF will drop significantly,bonds,down,preserve_capital,aggressive,Short Stock or Inverse ETF
Build a bond ladder for consistent income,options,down,income,conservative,Bear Put Spread
Build a bond ladder for consistent income,stock,neutral,,moderate,Iron Condor
Trying to hedge my portfolio with QQQ,etf,down,income,conservative,Short Stock or Inverse ETF
I think BND will stay flat this week,crypto,up,preserve_capital,conservative,Iron Condor
I believe ETH will drop significantly,etf,up,,conservative,Short Stock or Inverse ETF
Speculating on major moves in AAPL,etf,up,preserve_capital,moderate,Bull Call Spread
Speculating on major moves in XLF,etf,up,income,aggressive,Bull Call Spread
I believe ETH will drop significantly,options,neutral,hedge,moderate,Bear Put Spread
Build a bond ladder for consistent income,stock,up,preserve_capital,aggressive,Covered Call
Looking for income from options,options,down,preserve_capital,moderate,Bear Put Spread
I think AAPL will stay flat this week,etf,neutral,,conservative,Iron Condor
Seeking conservative growth with stock,stock,up,multiply,moderate,Bear Put Spread
I think GOOG will stay flat this week,options,neutral,,moderate,Iron Condor
I want to double my money on GOOG,crypto,neutral,multiply,moderate,Bear Put Spread
Seeking conservative growth with crypto,crypto,up,multiply,moderate,Buy Token
Invest in crypto for aggressive returns,stock,up,hedge,aggressive,Buy Token
Seeking conservative growth with stock,stock,down,preserve_capital,aggressive,Short Stock or Inverse ETF
Build a bond ladder for consistent income,crypto,up,preserve_capital,conservative,Covered Call
Seeking conservative growth with options,options,down,multiply,aggressive,Bear Put Spread
Seeking conservative growth with options,options,neutral,,aggressive,Iron Condor
I want to double my money on QQQ,stock,neutral,preserve_capital,conservative,Bear Put Spread
I want to double my money on GOOG,stock,down,,conservative,Bear Put Spread
I want to double my money on BND,etf,neutral,multiply,moderate,Bear Put Spread
Trying to hedge my portfolio with ETH,bonds,up,,conservative,Protective Put
Need to protect downside in my holdings,options,neutral,,moderate,Iron Condor
Build a bond ladder for consistent income,stock,up,,moderate,Covered Call
Invest in crypto for aggressive returns,crypto,neutral,preserve_capital,conservative,Iron Condor
Build a bond ladder for consistent income,bonds,up,income,moderate,Bond Ladder
Trying to hedge my portfolio with XLF,stock,neutral,,moderate,Iron Condor
Looking for income from stock,stock,up,multiply,moderate,Covered Call
Build a bond ladder for consistent income,etf,neutral,multiply,aggressive,Iron Condor
Need to protect downside in my holdings,options,neutral,preserve_capital,moderate,Iron Condor
Trying to hedge my portfolio with AAPL,etf,down,hedge,aggressive,Short Stock or Inverse ETF
Need to protect downside in my holdings,options,up,income,conservative,Protective Put
Invest in crypto for aggressive returns,crypto,up,multiply,aggressive,Buy Token
I want to double my money on BND,options,neutral,multiply,moderate,Bear Put Spread
I want to double my money on AAPL,etf,up,hedge,aggressive,Bull Call Spread
Invest in crypto for aggressive returns,crypto,up,income,aggressive,Buy Token
I think QQQ will stay flat this week,stock,neutral,multiply,aggressive,Iron Condor
Speculating on major moves in TSLA,etf,up,,moderate,Bull Call Spread
Need to protect downside in my holdings,bonds,up,hedge,moderate,Protective Put
I believe AAPL will drop significantly,crypto,up,multiply,aggressive,Short Stock or Inverse ETF
Looking for income from etf,etf,up,preserve_capital,aggressive,Covered Call
Seeking conservative growth with etf,etf,up,preserve_capital,moderate,Protective Put
Speculating on major moves in GLD,bonds,up,multiply,moderate,Bull Call Spread
Seeking conservative growth with bonds,bonds,down,multiply,conservative,Short Stock or Inverse ETF
Build a bond ladder for consistent income,stock,down,,moderate,Short Stock or Inverse ETF
I believe AAPL will drop significantly,options,neutral,,moderate,Bear Put Spread
Looking for income from options,options,up,income,conservative,Covered Call
Build a bond ladder for consistent income,crypto,down,,conservative,Short Stock or Inverse ETF
Speculating on major moves in TSLA,crypto,up,hedge,aggressive,Bull Call Spread
I think SPY will stay flat this week,stock,neutral,preserve_capital,conservative,Iron Condor
Seeking conservative growth with etf,etf,neutral,multiply,conservative,Iron Condor
Seeking conservative growth with bonds,bonds,down,income,moderate,Short Stock or Inverse ETF
Trying to hedge my portfolio with SPY,bonds,neutral,preserve_capital,moderate,Iron Condor
Speculating on major moves in QQQ,bonds,up,preserve_capital,conservative,Bull Call Spread
Speculating on major moves in AAPL,crypto,neutral,preserve_capital,aggressive,Bear Put Spread
Looking for income from etf,etf,down,income,aggressive,Short Stock or Inverse ETF
Trying to hedge my portfolio with GOOG,stock,up,multiply,aggressive,Protective Put
I believe BTC will drop significantly,crypto,down,preserve_capital,moderate,Short Stock or Inverse ETF
Invest in crypto for aggressive returns,options,up,hedge,aggressive,Buy Token
Speculating on major moves in TSLA,bonds,neutral,hedge,moderate,Bear Put Spread
Build a bond ladder for consistent income,etf,up,hedge,moderate,Covered Call
I believe AAPL will drop significantly,options,neutral,hedge,aggressive,Bear Put Spread
Looking for income from crypto,crypto,down,hedge,conservative,Short Stock or Inverse ETF
Speculating on major moves in QQQ,options,neutral,income,aggressive,Bear Put Spread
Need to protect downside in my holdings,stock,up,,moderate,Protective Put
I believe AAPL will drop significantly,stock,neutral,income,aggressive,Short Stock or Inverse ETF
I want to double my money on XLF,stock,down,multiply,aggressive,Bear Put Spread
Trying to hedge my portfolio with BND,options,neutral,hedge,moderate,Iron Condor
Looking for income from options,options,down,,moderate,Bear Put Spread
Build a bond ladder for consistent income,options,down,income,conservative,Bear Put Spread
Build a bond ladder for consistent income,crypto,up,hedge,aggressive,Covered Call
Seeking conservative growth with options,options,down,multiply,conservative,Bear Put Spread
I believe GLD will drop significantly,stock,neutral,hedge,conservative,Short Stock or Inverse ETF
I think TSLA will stay flat this week,stock,neutral,hedge,moderate,Iron Condor
I believe GLD will drop significantly,options,down,,aggressive,Bear Put Spread
I believe TSLA will drop significantly,options,neutral,income,aggressive,Bear Put Spread
Trying to hedge my portfolio with ETH,bonds,down,income,aggressive,Short Stock or Inverse ETF
Seeking conservative growth with etf,etf,neutral,multiply,aggressive,Iron Condor
I think BTC will stay flat this week,stock,down,,moderate,Short Stock or Inverse ETF
Looking for income from etf,etf,neutral,preserve_capital,conservative,Iron Condor
I think QQQ will stay flat this week,crypto,down,multiply,aggressive,Short Stock or Inverse ETF
Build a bond ladder for consistent income,stock,neutral,preserve_capital,conservative,Iron Condor
Looking for income from etf,etf,neutral,preserve_capital,conservative,Iron Condor
Seeking conservative growth with options,options,neutral,income,aggressive,Iron Condor
I think SPY will stay flat this week,options,neutral,preserve_capital,moderate,Iron Condor
Looking for income from options,options,up,income,moderate,Covered Call
Looking for income from options,options,up,income,moderate,Covered Call
I think GOOG will stay flat this week,options,up,income,moderate,Iron Condor
Invest in crypto for aggressive returns,stock,down,,conservative,Short Stock or Inverse ETF
I think BTC will stay flat this week,stock,down,income,moderate,Short Stock or Inverse ETF
Speculating on major moves in GOOG,crypto,down,hedge,moderate,Bear Put Spread
Need to protect downside in my holdings,stock,neutral,income,conservative,Iron Condor
Seeking conservative growth with bonds,bonds,up,,aggressive,Iron Condor
I believe AAPL will drop significantly,bonds,up,income,aggressive,Short Stock or Inverse ETF
Invest in crypto for aggressive returns,etf,down,hedge,conservative,Short Stock or Inverse ETF
Build a bond ladder for consistent income,stock,up,hedge,moderate,Covered Call
I want to double my money on GLD,etf,down,hedge,conservative,Bear Put Spread
I think GLD will stay flat this week,crypto,down,income,conservative,Short Stock or Inverse ETF
Need to protect downside in my holdings,stock,up,hedge,conservative,Protective Put
Invest in crypto for aggressive returns,etf,up,,aggressive,Buy Token
I believe GOOG will drop significantly,stock,neutral,preserve_capital,aggressive,Short Stock or Inverse ETF
Seeking conservative growth with options,options,neutral,hedge,moderate,Iron Condor
I believe XLF will drop significantly,etf,up,multiply,aggressive,Short Stock or Inverse ETF
Trying to hedge my portfolio with AAPL,crypto,down,income,aggressive,Short Stock or Inverse ETF
I want to double my money on GOOG,crypto,down,hedge,moderate,Bear Put Spread
I think TSLA will stay flat this week,stock,down,preserve_capital,moderate,Short Stock or Inverse ETF
Need to protect downside in my holdings,stock,up,income,aggressive,Protective Put
I think BND will stay flat this week,etf,neutral,hedge,aggressive,Iron Condor
I want to double my money on BND,crypto,up,income,conservative,Bull Call Spread
Trying to hedge my portfolio with GOOG,stock,down,hedge,aggressive,Short Stock or Inverse ETF
I want to double my money on GOOG,etf,up,preserve_capital,moderate,Bull Call Spread
Looking for income from crypto,crypto,neutral,,conservative,Iron Condor
Need to protect downside in my holdings,etf,down,income,moderate,Short Stock or Inverse ETF
I believe XLF will drop significantly,crypto,down,,aggressive,Short Stock or Inverse ETF
I believe BND will drop significantly,bonds,down,income,conservative,Short Stock or Inverse ETF
Seeking conservative growth with options,options,down,hedge,aggressive,Bear Put Spread
Invest in crypto for aggressive returns,bonds,down,income,moderate,Short Stock or Inverse ETF
Need to protect downside in my holdings,crypto,up,,moderate,Protective Put
Trying to hedge my portfolio with BND,options,up,income,moderate,Protective Put
Invest in crypto for aggressive returns,options,up,,moderate,Buy Token
Trying to hedge my portfolio with BND,options,neutral,,aggressive,Iron Condor
I think GLD will stay flat this week,etf,up,,moderate,Iron Condor
Seeking conservative growth with crypto,crypto,neutral,preserve_capital,moderate,Iron Condor
Need to protect downside in my holdings,bonds,neutral,hedge,conservative,Iron Condor
I want to double my money on BTC,options,up,income,conservative,Bull Call Spread
I think BND will stay flat this week,crypto,down,,moderate,Short Stock or Inverse ETF
I want to double my money on XLF,crypto,neutral,preserve_capital,conservative,Bear Put Spread
Need to protect downside in my holdings,etf,down,preserve_capital,conservative,Short Stock or Inverse ETF
Speculating on major moves in GLD,stock,up,income,conservative,Bull Call Spread
Trying to hedge my portfolio with QQQ,stock,down,hedge,conservative,Short Stock or Inverse ETF
Invest in crypto for aggressive returns,crypto,down,hedge,moderate,Short Stock or Inverse ETF
Trying to hedge my portfolio with XLF,stock,neutral,preserve_capital,moderate,Iron Condor
Looking for income from etf,etf,down,,moderate,Short Stock or Inverse ETF
Seeking conservative growth with etf,etf,neutral,income,aggressive,Iron Condor
Seeking conservative growth with crypto,crypto,up,multiply,aggressive,Buy Token
Seeking conservative growth with crypto,crypto,up,preserve_capital,moderate,Protective Put
I want to double my money on QQQ,stock,down,multiply,conservative,Bear Put Spread
Seeking conservative growth with stock,stock,up,hedge,moderate,Bull Call Spread
Trying to hedge my portfolio with BND,stock,neutral,preserve_capital,moderate,Iron Condor
I believe TSLA will drop significantly,crypto,neutral,preserve_capital,aggressive,Short Stock or Inverse ETF
I think QQQ will stay flat this week,crypto,down,multiply,moderate,Short Stock or Inverse ETF
Looking for income from crypto,crypto,neutral,,conservative,Iron Condor
Seeking conservative growth with stock,stock,up,preserve_capital,conservative,Protective Put
Build a bond ladder for consistent income,bonds,neutral,preserve_capital,conservative,Iron Condor
I believe SPY will drop significantly,options,up,,moderate,Bear Put Spread
Looking for income from etf,etf,up,hedge,conservative,Covered Call
Build a bond ladder for consistent income,options,down,preserve_capital,conservative,Bear Put Spread
Trying to hedge my portfolio with BND,etf,down,income,moderate,Short Stock or Inverse ETF
I think BTC will stay flat this week,bonds,down,multiply,aggressive,Short Stock or Inverse ETF
Speculating on major moves in BND,etf,neutral,hedge,moderate,Bear Put Spread
I think BND will stay flat this week,stock,neutral,income,aggressive,Iron Condor
Speculating on major moves in BND,stock,up,multiply,aggressive,Bull Call Spread
Speculating on major moves in GOOG,crypto,down,multiply,moderate,Bear Put Spread
Looking for income from bonds,bonds,down,multiply,aggressive,Short Stock or Inverse ETF
Build a bond ladder for consistent income,stock,up,income,conservative,Covered Call
Invest in crypto for aggressive returns,crypto,neutral,hedge,conservative,Iron Condor
Seeking conservative growth with stock,stock,neutral,,aggressive,Iron Condor
I want to double my money on AAPL,crypto,neutral,income,conservative,Bear Put Spread
Build a bond ladder for consistent income,options,neutral,multiply,conservative,Iron Condor
I think GOOG will stay flat this week,stock,down,multiply,aggressive,Short Stock or Inverse ETF
I think ETH will stay flat this week,stock,up,multiply,moderate,Iron Condor
Speculating on major moves in XLF,stock,neutral,,moderate,Bear Put Spread
Need to protect downside in my holdings,options,down,hedge,moderate,Bear Put Spread
I want to double my money on ETH,etf,neutral,hedge,moderate,Bear Put Spread
Looking for income from crypto,crypto,neutral,income,moderate,Iron Condor
I want to double my money on SPY,stock,neutral,hedge,moderate,Bear Put Spread
I think AAPL will stay flat this week,etf,neutral,,conservative,Iron Condor
Trying to hedge my portfolio with AAPL,bonds,down,multiply,moderate,Short Stock or Inverse ETF
Seeking conservative growth with etf,etf,neutral,preserve_capital,moderate,Iron Condor
Seeking conservative growth with options,options,down,,moderate,Bear Put Spread
Speculating on major moves in QQQ,options,down,preserve_capital,aggressive,Bear Put Spread
Build a bond ladder for consistent income,bonds,down,income,conservative,Short Stock or Inverse ETF
Invest in crypto for aggressive returns,etf,up,multiply,aggressive,Buy Token
I want to double my money on ETH,stock,up,multiply,conservative,Bull Call Spread
Invest in crypto for aggressive returns,stock,neutral,hedge,moderate,Iron Condor
Seeking conservative growth with options,options,neutral,,aggressive,Iron Condor
I believe GOOG will drop significantly,stock,up,income,moderate,Short Stock or Inverse ETF
I want to double my money on BND,stock,down,preserve_capital,conservative,Bear Put Spread
I want to double my money on BTC,crypto,neutral,income,aggressive,Bear Put Spread
Looking for income from bonds,bonds,down,preserve_capital,moderate,Short Stock or Inverse ETF
I want to double my money on GOOG,crypto,down,income,aggressive,Bear Put Spread
Invest in crypto for aggressive returns,etf,down,preserve_capital,conservative,Short Stock or Inverse ETF
I believe BND will drop significantly,stock,up,,moderate,Short Stock or Inverse ETF
Need to protect downside in my holdings,options,up,income,moderate,Protective Put
Need to protect downside in my holdings,options,neutral,,conservative,Iron Condor
Need to protect downside in my holdings,crypto,neutral,preserve_capital,aggressive,Iron Condor
Build a bond ladder for consistent income,etf,neutral,preserve_capital,conservative,Iron Condor
I think XLF will stay flat this week,options,neutral,preserve_capital,conservative,Iron Condor
I think SPY will stay flat this week,crypto,up,income,aggressive,Iron Condor
Trying to hedge my portfolio with GLD,crypto,down,multiply,moderate,Short Stock or Inverse ETF
Speculating on major moves in XLF,options,up,preserve_capital,moderate,Bull Call Spread
Trying to hedge my portfolio with QQQ,crypto,neutral,income,moderate,Iron Condor
I think ETH will stay flat this week,bonds,down,hedge,aggressive,Short Stock or Inverse ETF
Need to protect downside in my holdings,stock,up,hedge,conservative,Protective Put
Trying to hedge my portfolio with GLD,etf,down,income,aggressive,Short Stock or Inverse ETF
Invest in crypto for aggressive returns,stock,neutral,preserve_capital,conservative,Iron Condor
Trying to hedge my portfolio with QQQ,stock,down,,conservative,Short Stock or Inverse ETF
I believe SPY will drop significantly,crypto,neutral,preserve_capital,moderate,Short Stock or Inverse ETF
Invest in crypto for aggressive returns,etf,neutral,income,aggressive,Iron Condor
I want to double my money on BND,etf,down,multiply,conservative,Bear Put Spread
Speculating on major moves in AAPL,options,up,hedge,aggressive,Bull Call Spread
I believe TSLA will drop significantly,options,down,multiply,moderate,Bear Put Spread
Seeking conservative growth with stock,stock,neutral,hedge,conservative,Iron Condor
I think BTC will stay flat this week,bonds,down,multiply,aggressive,Short Stock or Inverse ETF
I want to double my money on BTC,options,up,preserve_capital,moderate,Bull Call Spread
Looking for income from stock,stock,down,,conservative,Short Stock or Inverse ETF
Trying to hedge my portfolio with SPY,crypto,up,multiply,conservative,Protective Put
I believe AAPL will drop significantly,crypto,neutral,income,moderate,Short Stock or Inverse ETF
I believe XLF will drop significantly,bonds,neutral,multiply,moderate,Short Stock or Inverse ETF
Invest in crypto for aggressive returns,etf,down,hedge,moderate,Short Stock or Inverse ETF
Seeking conservative growth with options,options,up,hedge,conservative,Default Strategy
Invest in crypto for aggressive returns,crypto,down,,conservative,Short Stock or Inverse ETF
Looking for income from crypto,crypto,down,income,aggressive,Short Stock or Inverse ETF
Looking for income from stock,stock,up,income,conservative,Covered Call
Need to protect downside in my holdings,bonds,up,preserve_capital,moderate,Protective Put
Invest in crypto for aggressive returns,stock,down,,aggressive,Short Stock or Inverse ETF
Invest in crypto for aggressive returns,options,up,multiply,conservative,Buy Token
Speculating on major moves in XLF,bonds,down,,conservative,Bear Put Spread
Speculating on major moves in AAPL,options,up,multiply,conservative,Bull Call Spread
Need to protect downside in my holdings,stock,down,multiply,moderate,Short Stock or Inverse ETF
Invest in crypto for aggressive returns,etf,down,multiply,aggressive,Short Stock or Inverse ETF
I think GOOG will stay flat this week,crypto,down,hedge,conservative,Short Stock or Inverse ETF
Need to protect downside in my holdings,options,down,multiply,moderate,Bear Put Spread
Invest in crypto for aggressive returns,bonds,neutral,,conservative,Iron Condor
Seeking conservative growth with options,options,neutral,,conservative,Iron Condor
Invest in crypto for aggressive returns,options,neutral,hedge,moderate,Iron Condor
Speculating on major moves in XLF,stock,down,multiply,conservative,Bear Put Spread
Build a bond ladder for consistent income,options,up,multiply,aggressive,Covered Call
Seeking conservative growth with options,options,neutral,preserve_capital,aggressive,Iron Condor
Seeking conservative growth with options,options,neutral,,aggressive,Iron Condor
Speculating on major moves in TSLA,crypto,down,hedge,aggressive,Bear Put Spread
Need to protect downside in my holdings,stock,neutral,preserve_capital,aggressive,Iron Condor
Looking for income from stock,stock,down,income,moderate,Short Stock or Inverse ETF
I think TSLA will stay flat this week,crypto,down,income,moderate,Short Stock or Inverse ETF
I think BTC will stay flat this week,options,down,,aggressive,Bear Put Spread
Looking for income from etf,etf,up,preserve_capital,aggressive,Covered Call
Need to protect downside in my holdings,stock,neutral,income,conservative,Iron Condor
Speculating on major moves in SPY,stock,up,hedge,conservative,Bull Call Spread
I believe AAPL will drop significantly,options,neutral,hedge,conservative,Bear Put Spread
I think GOOG will stay flat this week,crypto,down,income,moderate,Short Stock or Inverse ETF
Build a bond ladder for consistent income,options,up,,aggressive,Covered Call
Seeking conservative growth with etf,etf,up,,conservative,Default Strategy
I want to double my money on AAPL,stock,up,,conservative,Bull Call Spread
I believe TSLA will drop significantly,options,neutral,preserve_capital,moderate,Bear Put Spread
Invest in crypto for aggressive returns,stock,neutral,preserve_capital,conservative,Iron Condor
Seeking conservative growth with options,options,down,income,aggressive,Bear Put Spread
I want to double my money on BND,stock,down,hedge,moderate,Bear Put Spread
Speculating on major moves in SPY,options,up,preserve_capital,moderate,Bull Call Spread
Looking for income from etf,etf,up,multiply,moderate,Covered Call
Looking for income from stock,stock,neutral,income,moderate,Iron Condor
I believe XLF will drop significantly,bonds,neutral,,moderate,Short Stock or Inverse ETF
Looking for income from options,options,neutral,preserve_capital,conservative,Iron Condor
Speculating on major moves in TSLA,etf,down,multiply,conservative,Bear Put Spread
I want to double my money on GOOG,etf,up,income,aggressive,Bull Call Spread
I want to double my money on GLD,options,neutral,hedge,aggressive,Bear Put Spread
Seeking conservative growth with crypto,crypto,down,preserve_capital,moderate,Short Stock or Inverse ETF
Need to protect downside in my holdings,crypto,up,preserve_capital,moderate,Protective Put
Speculating on major moves in GLD,stock,down,multiply,conservative,Bear Put Spread
Seeking conservative growth with bonds,bonds,up,,conservative,Buy Stock
Need to protect downside in my holdings,crypto,down,preserve_capital,moderate,Short Stock or Inverse ETF
Need to protect downside in my holdings,crypto,down,,conservative,Short Stock or Inverse ETF
Build a bond ladder for consistent income,stock,up,income,moderate,Covered Call
I think GOOG will stay flat this week,stock,neutral,,conservative,Iron Condor
Trying to hedge my portfolio with QQQ,etf,down,multiply,conservative,Short Stock or Inverse ETF
Need to protect downside in my holdings,options,up,income,moderate,Protective Put
I believe GLD will drop significantly,etf,up,preserve_capital,moderate,Short Stock or Inverse ETF
Speculating on major moves in XLF,crypto,up,preserve_capital,aggressive,Bull Call Spread
I believe BTC will drop significantly,bonds,up,multiply,moderate,Short Stock or Inverse ETF
Speculating on major moves in BND,options,neutral,multiply,aggressive,Bear Put Spread
Seeking conservative growth with stock,stock,up,multiply,conservative,Covered Call
Seeking conservative growth with etf,etf,up,hedge,conservative,Protective Put
Need to protect downside in my holdings,crypto,down,,conservative,Short Stock or Inverse ETF
Looking for income from bonds,bonds,up,hedge,moderate,Bond Ladder
Build a bond ladder for consistent income,crypto,up,preserve_capital,conservative,Covered Call
Seeking conservative growth with options,options,neutral,hedge,moderate,Iron Condor
Trying to hedge my portfolio with TSLA,stock,up,,conservative,Protective Put
Build a bond ladder for consistent income,etf,neutral,income,aggressive,Iron Condor
Seeking conservative growth with options,options,neutral,preserve_capital,aggressive,Iron Condor
Looking for income from etf,etf,up,hedge,aggressive,Covered Call
Invest in crypto for aggressive returns,etf,neutral,,moderate,Iron Condor
Need to protect downside in my holdings,options,down,,conservative,Bear Put Spread
Speculating on major moves in BTC,bonds,down,hedge,moderate,Bear Put Spread
Speculating on major moves in AAPL,options,down,hedge,conservative,Bear Put Spread
Speculating on major moves in SPY,etf,down,,conservative,Bear Put Spread
Seeking conservative growth with options,options,down,,aggressive,Bear Put Spread
Need to protect downside in my holdings,options,up,preserve_capital,aggressive,Protective Put
Build a bond ladder for consistent income,stock,neutral,income,conservative,Iron Condor
Seeking conservative growth with etf,etf,up,preserve_capital,moderate,Protective Put
Build a bond ladder for consistent income,etf,neutral,,moderate,Iron Condor
I want to double my money on ETH,stock,up,income,conservative,Bull Call Spread
Looking for income from stock,stock,down,multiply,aggressive,Short Stock or Inverse ETF
Build a bond ladder for consistent income,options,neutral,multiply,moderate,Iron Condor
Need to protect downside in my holdings,stock,up,hedge,conservative,Protective Put
Trying to hedge my portfolio with ETH,etf,neutral,income,moderate,Iron Condor
I believe TSLA will drop significantly,options,neutral,,conservative,Bear Put Spread
Looking for income from bonds,bonds,up,hedge,conservative,Bond Ladder
Need to protect downside in my holdings,options,neutral,,aggressive,Iron Condor
Trying to hedge my portfolio with BND,crypto,neutral,hedge,conservative,Iron Condor
Trying to hedge my portfolio with BND,options,neutral,multiply,conservative,Iron Condor
I think AAPL will stay flat this week,etf,down,hedge,conservative,Short Stock or Inverse ETF
Seeking conservative growth with etf,etf,up,,conservative,Buy Token
I want to double my money on ETH,bonds,neutral,multiply,moderate,Bear Put Spread
Trying to hedge my portfolio with BTC,etf,down,,moderate,Short Stock or Inverse ETF
Seeking conservative growth with stock,stock,down,preserve_capital,aggressive,Short Stock or Inverse ETF
Looking for income from crypto,crypto,neutral,,moderate,Iron Condor
I believe GOOG will drop significantly,crypto,down,income,aggressive,Short Stock or Inverse ETF
I want to double my money on QQQ,options,neutral,income,moderate,Bear Put Spread
Speculating on major moves in BND,etf,down,income,aggressive,Bear Put Spread
I believe GLD will drop significantly,stock,neutral,multiply,moderate,Short Stock or Inverse ETF
I think GOOG will stay flat this week,options,neutral,hedge,conservative,Iron Condor
Looking for income from stock,stock,neutral,preserve_capital,conservative,Iron Condor
Invest in crypto for aggressive returns,etf,neutral,income,conservative,Iron Condor
I believe SPY will drop significantly,bonds,up,hedge,moderate,Short Stock or Inverse ETF
Need to protect downside in my holdings,crypto,down,income,aggressive,Short Stock or Inverse ETF
Trying to hedge my portfolio with GOOG,options,neutral,multiply,conservative,Iron Condor
I believe BND will drop significantly,options,down,,moderate,Bear Put Spread
Speculating on major moves in SPY,bonds,up,multiply,aggressive,Bull Call Spread
Seeking conservative growth with stock,stock,up,,aggressive,Buy Stock
Speculating on major moves in GOOG,etf,neutral,multiply,aggressive,Bear Put Spread
Seeking conservative growth with etf,etf,up,multiply,aggressive,Protective Put
I want to double my money on AAPL,stock,up,multiply,conservative,Bull Call Spread
Invest in crypto for aggressive returns,etf,down,hedge,conservative,Short Stock or Inverse ETF
I think ETH will stay flat this week,etf,neutral,,moderate,Iron Condor
I want to double my money on ETH,options,up,preserve_capital,moderate,Bull Call Spread
Build a bond ladder for consistent income,stock,up,,conservative,Covered Call
Build a bond ladder for consistent income,options,neutral,,moderate,Iron Condor
Invest in crypto for aggressive returns,bonds,up,hedge,moderate,Buy Token
Need to protect downside in my holdings,bonds,neutral,multiply,conservative,Iron Condor
Trying to hedge my portfolio with AAPL,bonds,up,,aggressive,Protective Put
