belief,asset_class
Invest in crypto for aggressive returns,crypto
Build a bond ladder for consistent income,options
Seeking conservative growth with options,options
Invest in crypto for aggressive returns,crypto
Seeking conservative growth with crypto,crypto
Trying to hedge my portfolio with TSLA,etf
I think GOOG will stay flat this week,stock
I think BTC will stay flat this week,crypto
I think GLD will stay flat this week,bonds
Looking for income from options,options
Seeking conservative growth with crypto,crypto
Invest in crypto for aggressive returns,options
Speculating on major moves in SPY,stock
Trying to hedge my portfolio with BTC,crypto
Need to protect downside in my holdings,crypto
Trying to hedge my portfolio with ETH,stock
I believe QQQ will drop significantly,options
I want to double my money on QQQ,options
Trying to hedge my portfolio with BTC,crypto
Seeking conservative growth with bonds,bonds
Invest in crypto for aggressive returns,bonds
Need to protect downside in my holdings,etf
Speculating on major moves in AAPL,options
Build a bond ladder for consistent income,stock
Build a bond ladder for consistent income,bonds
Invest in crypto for aggressive returns,stock
I think ETH will stay flat this week,crypto
I think SPY will stay flat this week,etf
Invest in crypto for aggressive returns,stock
I believe AAPL will drop significantly,options
Need to protect downside in my holdings,crypto
Looking for income from options,options
Trying to hedge my portfolio with BND,options
Need to protect downside in my holdings,bonds
I want to double my money on SPY,etf
Speculating on major moves in XLF,crypto
Speculating on major moves in TSLA,crypto
Looking for income from stock,stock
Seeking conservative growth with options,options
Build a bond ladder for consistent income,bonds
Looking for income from etf,etf
Speculating on major moves in QQQ,etf
Need to protect downside in my holdings,etf
I want to double my money on BND,options
I think GOOG will stay flat this week,bonds
Looking for income from stock,stock
I think SPY will stay flat this week,crypto
Build a bond ladder for consistent income,bonds
Speculating on major moves in BTC,stock
Trying to hedge my portfolio with XLF,etf
Speculating on major moves in GLD,etf
Invest in crypto for aggressive returns,stock
I believe QQQ will drop significantly,crypto
I believe BTC will drop significantly,bonds
Build a bond ladder for consistent income,bonds
I believe GLD will drop significantly,crypto
Invest in crypto for aggressive returns,stock
Seeking conservative growth with crypto,crypto
Trying to hedge my portfolio with QQQ,crypto
Build a bond ladder for consistent income,stock
Trying to hedge my portfolio with BTC,crypto
I think QQQ will stay flat this week,stock
Build a bond ladder for consistent income,stock
Looking for income from etf,etf
Looking for income from bonds,bonds
Seeking conservative growth with options,options
Trying to hedge my portfolio with BTC,stock
Speculating on major moves in XLF,etf
Speculating on major moves in XLF,crypto
I want to double my money on XLF,stock
Trying to hedge my portfolio with QQQ,stock
Speculating on major moves in SPY,etf
Looking for income from options,options
Speculating on major moves in BND,options
Seeking conservative growth with crypto,crypto
I want to double my money on BTC,crypto
Looking for income from stock,stock
Seeking conservative growth with bonds,bonds
Need to protect downside in my holdings,etf
Trying to hedge my portfolio with BND,etf
I believe BTC will drop significantly,stock
Invest in crypto for aggressive returns,bonds
Seeking conservative growth with etf,etf
Speculating on major moves in ETH,crypto
Need to protect downside in my holdings,bonds
Need to protect downside in my holdings,options
Speculating on major moves in XLF,crypto
Trying to hedge my portfolio with QQQ,crypto
Speculating on major moves in GOOG,options
I think GOOG will stay flat this week,stock
Trying to hedge my portfolio with TSLA,crypto
Speculating on major moves in XLF,options
Need to protect downside in my holdings,stock
Build a bond ladder for consistent income,crypto
I think BND will stay flat this week,stock
Speculating on major moves in GLD,bonds
Build a bond ladder for consistent income,bonds
Invest in crypto for aggressive returns,etf
Looking for income from bonds,bonds
I think TSLA will stay flat this week,etf
I want to double my money on XLF,options
I want to double my money on AAPL,stock
Build a bond ladder for consistent income,stock
Speculating on major moves in BTC,etf
I think GOOG will stay flat this week,bonds
I want to double my money on AAPL,etf
Need to protect downside in my holdings,etf
I think AAPL will stay flat this week,options
Invest in crypto for aggressive returns,bonds
Speculating on major moves in GOOG,bonds
Looking for income from crypto,crypto
I want to double my money on BTC,stock
Looking for income from bonds,bonds
Trying to hedge my portfolio with TSLA,options
I want to double my money on AAPL,crypto
I think QQQ will stay flat this week,crypto
Need to protect downside in my holdings,stock
Build a bond ladder for consistent income,etf
Trying to hedge my portfolio with BND,bonds
Build a bond ladder for consistent income,options
Trying to hedge my portfolio with ETH,stock
Looking for income from options,options
I believe GLD will drop significantly,crypto
Speculating on major moves in SPY,crypto
I want to double my money on BTC,options
Invest in crypto for aggressive returns,etf
I believe BTC will drop significantly,options
Build a bond ladder for consistent income,stock
Build a bond ladder for consistent income,bonds
Invest in crypto for aggressive returns,etf
Invest in crypto for aggressive returns,options
I think TSLA will stay flat this week,options
Trying to hedge my portfolio with BND,options
Invest in crypto for aggressive returns,bonds
Looking for income from options,options
Speculating on major moves in GLD,options
Speculating on major moves in TSLA,crypto
Speculating on major moves in BTC,options
Looking for income from bonds,bonds
Trying to hedge my portfolio with BND,etf
Need to protect downside in my holdings,crypto
Looking for income from etf,etf
Need to protect downside in my holdings,bonds
Looking for income from options,options
I believe TSLA will drop significantly,etf
Speculating on major moves in SPY,crypto
Need to protect downside in my holdings,stock
Build a bond ladder for consistent income,etf
Invest in crypto for aggressive returns,crypto
Invest in crypto for aggressive returns,crypto
Need to protect downside in my holdings,crypto
Looking for income from bonds,bonds
I believe SPY will drop significantly,bonds
Need to protect downside in my holdings,crypto
I think TSLA will stay flat this week,options
Seeking conservative growth with crypto,crypto
Trying to hedge my portfolio with GOOG,etf
Looking for income from crypto,crypto
Seeking conservative growth with bonds,bonds
Build a bond ladder for consistent income,crypto
Invest in crypto for aggressive returns,options
Build a bond ladder for consistent income,stock
Speculating on major moves in AAPL,crypto
Trying to hedge my portfolio with BTC,stock
I believe GLD will drop significantly,options
Need to protect downside in my holdings,crypto
Trying to hedge my portfolio with SPY,crypto
Need to protect downside in my holdings,crypto
Seeking conservative growth with stock,stock
Build a bond ladder for consistent income,crypto
I think QQQ will stay flat this week,stock
I think SPY will stay flat this week,bonds
Invest in crypto for aggressive returns,crypto
I think GLD will stay flat this week,stock
Trying to hedge my portfolio with BTC,options
Looking for income from etf,etf
Looking for income from crypto,crypto
I believe GLD will drop significantly,etf
Invest in crypto for aggressive returns,bonds
Speculating on major moves in BND,bonds
Looking for income from crypto,crypto
Trying to hedge my portfolio with TSLA,etf
Build a bond ladder for consistent income,bonds
I think XLF will stay flat this week,options
Speculating on major moves in AAPL,stock
Need to protect downside in my holdings,bonds
Invest in crypto for aggressive returns,etf
Invest in crypto for aggressive returns,options
Trying to hedge my portfolio with GLD,stock
Looking for income from etf,etf
Speculating on major moves in ETH,etf
I want to double my money on AAPL,crypto
I think GOOG will stay flat this week,options
Seeking conservative growth with options,options
Speculating on major moves in GLD,etf
Trying to hedge my portfolio with XLF,etf
Build a bond ladder for consistent income,bonds
Build a bond ladder for consistent income,etf
Need to protect downside in my holdings,crypto
Trying to hedge my portfolio with AAPL,crypto
Invest in crypto for aggressive returns,etf
Need to protect downside in my holdings,stock
Invest in crypto for aggressive returns,options
Looking for income from stock,stock
Looking for income from options,options
Seeking conservative growth with etf,etf
I believe ETH will drop significantly,crypto
Invest in crypto for aggressive returns,options
I think GLD will stay flat this week,bonds
Need to protect downside in my holdings,bonds
Speculating on major moves in TSLA,stock
Trying to hedge my portfolio with QQQ,etf
Seeking conservative growth with etf,etf
Build a bond ladder for consistent income,crypto
Seeking conservative growth with stock,stock
Need to protect downside in my holdings,etf
Seeking conservative growth with bonds,bonds
I want to double my money on BTC,stock
I want to double my money on BND,etf
Trying to hedge my portfolio with XLF,stock
Speculating on major moves in GOOG,options
Need to protect downside in my holdings,etf
Need to protect downside in my holdings,options
I think BTC will stay flat this week,etf
I want to double my money on SPY,etf
I want to double my money on SPY,stock
Speculating on major moves in GOOG,crypto
I think QQQ will stay flat this week,stock
I want to double my money on XLF,options
Invest in crypto for aggressive returns,stock
Build a bond ladder for consistent income,bonds
I think SPY will stay flat this week,crypto
Trying to hedge my portfolio with XLF,etf
Speculating on major moves in AAPL,etf
Trying to hedge my portfolio with BND,stock
Need to protect downside in my holdings,bonds
Speculating on major moves in BTC,bonds
Looking for income from options,options
Build a bond ladder for consistent income,stock
I think GLD will stay flat this week,bonds
Invest in crypto for aggressive returns,crypto
Invest in crypto for aggressive returns,options
Need to protect downside in my holdings,etf
Build a bond ladder for consistent income,etf
Speculating on major moves in GLD,bonds
Need to protect downside in my holdings,options
Speculating on major moves in ETH,crypto
Trying to hedge my portfolio with XLF,stock
I believe SPY will drop significantly,options
I believe GLD will drop significantly,options
Trying to hedge my portfolio with BND,options
I think ETH will stay flat this week,crypto
I want to double my money on BND,bonds
Looking for income from stock,stock
Trying to hedge my portfolio with QQQ,bonds
Need to protect downside in my holdings,bonds
I believe BND will drop significantly,stock
Trying to hedge my portfolio with GLD,stock
I believe XLF will drop significantly,options
I believe BTC will drop significantly,crypto
Need to protect downside in my holdings,stock
Need to protect downside in my holdings,crypto
I want to double my money on BND,crypto
Trying to hedge my portfolio with GOOG,etf
Invest in crypto for aggressive returns,etf
Seeking conservative growth with etf,etf
Speculating on major moves in QQQ,bonds
I want to double my money on GLD,etf
I think ETH will stay flat this week,etf
I want to double my money on BTC,bonds
I think SPY will stay flat this week,options
Looking for income from options,options
Looking for income from crypto,crypto
Invest in crypto for aggressive returns,etf
I believe TSLA will drop significantly,bonds
Trying to hedge my portfolio with BND,etf
Build a bond ladder for consistent income,crypto
Invest in crypto for aggressive returns,etf
Trying to hedge my portfolio with BND,crypto
Trying to hedge my portfolio with GOOG,stock
Seeking conservative growth with etf,etf
I believe BTC will drop significantly,options
Looking for income from crypto,crypto
I believe TSLA will drop significantly,stock
I think BND will stay flat this week,crypto
Seeking conservative growth with bonds,bonds
I believe QQQ will drop significantly,crypto
I want to double my money on GOOG,stock
I want to double my money on GLD,stock
Seeking conservative growth with crypto,crypto
Need to protect downside in my holdings,bonds
Seeking conservative growth with crypto,crypto
I believe SPY will drop significantly,bonds
Seeking conservative growth with bonds,bonds
Looking for income from etf,etf
Need to protect downside in my holdings,stock
Invest in crypto for aggressive returns,stock
Need to protect downside in my holdings,bonds
Seeking conservative growth with etf,etf
Speculating on major moves in AAPL,stock
Looking for income from etf,etf
Speculating on major moves in AAPL,etf
I think QQQ will stay flat this week,options
Invest in crypto for aggressive returns,bonds
I want to double my money on ETH,stock
I believe XLF will drop significantly,bonds
I think QQQ will stay flat this week,options
Trying to hedge my portfolio with QQQ,crypto
Speculating on major moves in QQQ,bonds
I want to double my money on TSLA,bonds
I think GOOG will stay flat this week,stock
Looking for income from stock,stock
I think AAPL will stay flat this week,options
I want to double my money on GOOG,options
Seeking conservative growth with etf,etf
Seeking conservative growth with crypto,crypto
Invest in crypto for aggressive returns,bonds
Build a bond ladder for consistent income,options
Invest in crypto for aggressive returns,options
Trying to hedge my portfolio with BTC,options
Build a bond ladder for consistent income,stock
Trying to hedge my portfolio with ETH,crypto
Build a bond ladder for consistent income,options
Looking for income from bonds,bonds
I want to double my money on ETH,options
I want to double my money on TSLA,stock
Need to protect downside in my holdings,options
Looking for income from stock,stock
Invest in crypto for aggressive returns,stock
I want to double my money on BTC,stock
Looking for income from etf,etf
Need to protect downside in my holdings,crypto
Looking for income from stock,stock
Trying to hedge my portfolio with BND,etf
Need to protect downside in my holdings,etf
I think TSLA will stay flat this week,etf
I believe XLF will drop significantly,bonds
Looking for income from stock,stock
Seeking conservative growth with bonds,bonds
Speculating on major moves in ETH,stock
Speculating on major moves in GLD,bonds
Trying to hedge my portfolio with TSLA,crypto
Need to protect downside in my holdings,stock
Trying to hedge my portfolio with AAPL,options
Speculating on major moves in QQQ,stock
I want to double my money on ETH,bonds
Looking for income from stock,stock
Looking for income from options,options
Build a bond ladder for consistent income,crypto
Seeking conservative growth with stock,stock
I want to double my money on AAPL,stock
Invest in crypto for aggressive returns,bonds
Speculating on major moves in XLF,etf
Speculating on major moves in TSLA,crypto
Build a bond ladder for consistent income,etf
I want to double my money on BND,options
Speculating on major moves in BTC,options
I think AAPL will stay flat this week,bonds
Build a bond ladder for consistent income,etf
Looking for income from crypto,crypto
I believe GLD will drop significantly,stock
Need to protect downside in my holdings,bonds
Speculating on major moves in XLF,options
I think XLF will stay flat this week,stock
I believe ETH will drop significantly,crypto
Speculating on major moves in BTC,bonds
Speculating on major moves in TSLA,options
Build a bond ladder for consistent income,crypto
I believe SPY will drop significantly,options
Looking for income from stock,stock
Invest in crypto for aggressive returns,options
I want to double my money on SPY,stock
I think BND will stay flat this week,stock
Speculating on major moves in GLD,etf
I believe QQQ will drop significantly,options
I believe BND will drop significantly,stock
I think TSLA will stay flat this week,etf
I want to double my money on BND,stock
I think GLD will stay flat this week,crypto
Build a bond ladder for consistent income,etf
Need to protect downside in my holdings,etf
Trying to hedge my portfolio with TSLA,etf
Trying to hedge my portfolio with SPY,options
Trying to hedge my portfolio with GOOG,stock
Trying to hedge my portfolio with TSLA,etf
I believe ETH will drop significantly,bonds
Invest in crypto for aggressive returns,options
Build a bond ladder for consistent income,bonds
Seeking conservative growth with bonds,bonds
Seeking conservative growth with etf,etf
Need to protect downside in my holdings,etf
I believe BND will drop significantly,stock
Seeking conservative growth with options,options
Trying to hedge my portfolio with BTC,stock
Invest in crypto for aggressive returns,stock
Trying to hedge my portfolio with SPY,crypto
Build a bond ladder for consistent income,etf
I think ETH will stay flat this week,stock
Seeking conservative growth with options,options
I believe BTC will drop significantly,etf
Looking for income from stock,stock
Trying to hedge my portfolio with QQQ,options
I think GOOG will stay flat this week,bonds
I believe BTC will drop significantly,options
Build a bond ladder for consistent income,crypto
Trying to hedge my portfolio with GLD,stock
Seeking conservative growth with stock,stock
Seeking conservative growth with bonds,bonds
Build a bond ladder for consistent income,options
Build a bond ladder for consistent income,options
Build a bond ladder for consistent income,options
I want to double my money on AAPL,options
Trying to hedge my portfolio with XLF,crypto
Need to protect downside in my holdings,bonds
Looking for income from crypto,crypto
Need to protect downside in my holdings,etf
Seeking conservative growth with bonds,bonds
Need to protect downside in my holdings,etf
Need to protect downside in my holdings,options
Seeking conservative growth with crypto,crypto
Seeking conservative growth with stock,stock
Need to protect downside in my holdings,crypto
Speculating on major moves in QQQ,etf
Need to protect downside in my holdings,options
Speculating on major moves in BTC,options
Seeking conservative growth with options,options
Seeking conservative growth with options,options
Build a bond ladder for consistent income,etf
Looking for income from etf,etf
Build a bond ladder for consistent income,etf
Speculating on major moves in ETH,options
Speculating on major moves in BND,bonds
Looking for income from stock,stock
I believe GOOG will drop significantly,crypto
Trying to hedge my portfolio with BND,crypto
Speculating on major moves in AAPL,options
Need to protect downside in my holdings,etf
I want to double my money on ETH,bonds
I believe ETH will drop significantly,bonds
Speculating on major moves in GLD,crypto
Speculating on major moves in GOOG,crypto
Speculating on major moves in GLD,etf
Need to protect downside in my holdings,stock
Looking for income from options,options
I think BND will stay flat this week,bonds
I want to double my money on XLF,options
Looking for income from crypto,crypto
I believe SPY will drop significantly,options
Invest in crypto for aggressive returns,bonds
Looking for income from crypto,crypto
I want to double my money on ETH,etf
I believe ETH will drop significantly,etf
I think TSLA will stay flat this week,etf
I want to double my money on SPY,crypto
Invest in crypto for aggressive returns,etf
Seeking conservative growth with stock,stock
Need to protect downside in my holdings,bonds
Invest in crypto for aggressive returns,crypto
Looking for income from options,options
Need to protect downside in my holdings,crypto
I want to double my money on GLD,etf
Trying to hedge my portfolio with GLD,crypto
I want to double my money on AAPL,options
I think GOOG will stay flat this week,crypto
Build a bond ladder for consistent income,bonds
Build a bond ladder for consistent income,stock
Need to protect downside in my holdings,crypto
I believe XLF will drop significantly,crypto
Build a bond ladder for consistent income,bonds
I think AAPL will stay flat this week,etf
Looking for income from stock,stock
Build a bond ladder for consistent income,stock
Need to protect downside in my holdings,crypto
I think QQQ will stay flat this week,options
Looking for income from crypto,crypto
Invest in crypto for aggressive returns,options
Build a bond ladder for consistent income,etf
Seeking conservative growth with options,options
Build a bond ladder for consistent income,crypto
I think QQQ will stay flat this week,stock
I think ETH will stay flat this week,crypto
Trying to hedge my portfolio with BTC,stock
Speculating on major moves in GLD,bonds
Speculating on major moves in ETH,bonds
Build a bond ladder for consistent income,bonds
Build a bond ladder for consistent income,stock
Looking for income from stock,stock
Looking for income from stock,stock
Looking for income from bonds,bonds
Looking for income from stock,stock
I believe ETH will drop significantly,crypto
Looking for income from stock,stock
I think XLF will stay flat this week,crypto
Invest in crypto for aggressive returns,bonds
Need to protect downside in my holdings,crypto
Seeking conservative growth with etf,etf
Invest in crypto for aggressive returns,crypto
I think SPY will stay flat this week,etf
Seeking conservative growth with stock,stock
Invest in crypto for aggressive returns,options
Need to protect downside in my holdings,etf
Speculating on major moves in XLF,etf
Invest in crypto for aggressive returns,crypto
I think QQQ will stay flat this week,stock
Looking for income from options,options
Invest in crypto for aggressive returns,options
Looking for income from crypto,crypto
Looking for income from options,options
I want to double my money on SPY,etf
Trying to hedge my portfolio with GLD,options
Trying to hedge my portfolio with AAPL,bonds
I think GOOG will stay flat this week,bonds
Seeking conservative growth with stock,stock
I think ETH will stay flat this week,bonds
I believe GOOG will drop significantly,bonds
Need to protect downside in my holdings,stock
Invest in crypto for aggressive returns,options
Invest in crypto for aggressive returns,stock
Seeking conservative growth with stock,stock
I believe BTC will drop significantly,options
Invest in crypto for aggressive returns,stock
I think ETH will stay flat this week,bonds
Invest in crypto for aggressive returns,options
Trying to hedge my portfolio with TSLA,etf
Invest in crypto for aggressive returns,stock
Need to protect downside in my holdings,stock
I want to double my money on GOOG,etf
Need to protect downside in my holdings,stock
Build a bond ladder for consistent income,crypto
Looking for income from options,options
Trying to hedge my portfolio with ETH,etf
Looking for income from bonds,bonds
Invest in crypto for aggressive returns,options
Invest in crypto for aggressive returns,crypto
Seeking conservative growth with stock,stock
Speculating on major moves in AAPL,bonds
I want to double my money on AAPL,bonds
Invest in crypto for aggressive returns,options
Need to protect downside in my holdings,crypto
Trying to hedge my portfolio with ETH,crypto
I want to double my money on XLF,bonds
I believe XLF will drop significantly,options
Invest in crypto for aggressive returns,stock
I want to double my money on XLF,bonds
Looking for income from options,options
Looking for income from bonds,bonds
Looking for income from etf,etf
I want to double my money on BTC,bonds
Build a bond ladder for consistent income,stock
Speculating on major moves in SPY,bonds
I want to double my money on ETH,stock
Trying to hedge my portfolio with BND,options
I believe GLD will drop significantly,bonds
Invest in crypto for aggressive returns,etf
Need to protect downside in my holdings,stock
Need to protect downside in my holdings,etf
Speculating on major moves in SPY,stock
Seeking conservative growth with etf,etf
I want to double my money on SPY,etf
Seeking conservative growth with stock,stock
Build a bond ladder for consistent income,stock
Trying to hedge my portfolio with XLF,crypto
Looking for income from crypto,crypto
Need to protect downside in my holdings,crypto
Invest in crypto for aggressive returns,etf
Need to protect downside in my holdings,stock
I want to double my money on BTC,etf
Speculating on major moves in AAPL,stock
Trying to hedge my portfolio with BND,etf
Need to protect downside in my holdings,stock
I want to double my money on ETH,options
Need to protect downside in my holdings,options
I think QQQ will stay flat this week,bonds
Invest in crypto for aggressive returns,crypto
Seeking conservative growth with options,options
I want to double my money on GOOG,etf
Seeking conservative growth with stock,stock
Need to protect downside in my holdings,stock
I believe GLD will drop significantly,options
Need to protect downside in my holdings,bonds
Seeking conservative growth with crypto,crypto
Trying to hedge my portfolio with GOOG,bonds
Seeking conservative growth with crypto,crypto
Need to protect downside in my holdings,stock
Looking for income from options,options
I think GOOG will stay flat this week,bonds
Need to protect downside in my holdings,stock
I think SPY will stay flat this week,stock
Speculating on major moves in GOOG,crypto
Speculating on major moves in ETH,stock
Looking for income from stock,stock
Build a bond ladder for consistent income,bonds
Invest in crypto for aggressive returns,stock
Looking for income from etf,etf
I want to double my money on TSLA,stock
I think AAPL will stay flat this week,crypto
I think QQQ will stay flat this week,crypto
Invest in crypto for aggressive returns,stock
Seeking conservative growth with etf,etf
Trying to hedge my portfolio with BTC,bonds
Invest in crypto for aggressive returns,stock
I believe BND will drop significantly,options
Build a bond ladder for consistent income,bonds
Need to protect downside in my holdings,stock
I want to double my money on GOOG,etf
Looking for income from etf,etf
Looking for income from stock,stock
I want to double my money on SPY,crypto
Need to protect downside in my holdings,crypto
Seeking conservative growth with etf,etf
Need to protect downside in my holdings,crypto
I think AAPL will stay flat this week,options
Looking for income from options,options
Looking for income from options,options
I think XLF will stay flat this week,crypto
I believe BTC will drop significantly,etf
Build a bond ladder for consistent income,bonds
Speculating on major moves in TSLA,etf
Need to protect downside in my holdings,stock
Seeking conservative growth with etf,etf
I believe GOOG will drop significantly,stock
Looking for income from etf,etf
Invest in crypto for aggressive returns,options
Looking for income from options,options
Build a bond ladder for consistent income,bonds
Build a bond ladder for consistent income,stock
Looking for income from etf,etf
I think ETH will stay flat this week,bonds
I think BTC will stay flat this week,crypto
I want to double my money on XLF,bonds
Looking for income from stock,stock
Need to protect downside in my holdings,stock
Invest in crypto for aggressive returns,stock
I believe ETH will drop significantly,stock
I believe ETH will drop significantly,options
Invest in crypto for aggressive returns,stock
Trying to hedge my portfolio with BND,etf
I think BND will stay flat this week,options
I want to double my money on XLF,bonds
Speculating on major moves in XLF,etf
Speculating on major moves in GOOG,bonds
Seeking conservative growth with options,options
I want to double my money on AAPL,bonds
Build a bond ladder for consistent income,bonds
Invest in crypto for aggressive returns,etf
Invest in crypto for aggressive returns,crypto
I believe BTC will drop significantly,bonds
Seeking conservative growth with stock,stock
I believe BTC will drop significantly,etf
Looking for income from bonds,bonds
Speculating on major moves in BTC,crypto
I believe BTC will drop significantly,stock
Trying to hedge my portfolio with AAPL,bonds
Speculating on major moves in BTC,etf
I think GLD will stay flat this week,stock
Build a bond ladder for consistent income,options
I want to double my money on XLF,stock
I want to double my money on GLD,stock
Invest in crypto for aggressive returns,bonds
I believe BND will drop significantly,bonds
Need to protect downside in my holdings,etf
Invest in crypto for aggressive returns,options
Seeking conservative growth with etf,etf
Build a bond ladder for consistent income,options
Trying to hedge my portfolio with ETH,options
I think BND will stay flat this week,bonds
Invest in crypto for aggressive returns,stock
Speculating on major moves in BND,bonds
I believe XLF will drop significantly,bonds
Build a bond ladder for consistent income,options
Build a bond ladder for consistent income,stock
Trying to hedge my portfolio with QQQ,etf
I think BND will stay flat this week,crypto
I believe ETH will drop significantly,etf
Speculating on major moves in AAPL,etf
Speculating on major moves in XLF,etf
I believe ETH will drop significantly,options
Build a bond ladder for consistent income,stock
Looking for income from options,options
I think AAPL will stay flat this week,etf
Seeking conservative growth with stock,stock
I think GOOG will stay flat this week,options
I want to double my money on GOOG,crypto
Seeking conservative growth with crypto,crypto
Invest in crypto for aggressive returns,stock
Seeking conservative growth with stock,stock
Build a bond ladder for consistent income,crypto
Seeking conservative growth with options,options
Seeking conservative growth with options,options
I want to double my money on QQQ,stock
I want to double my money on GOOG,stock
I want to double my money on BND,etf
Trying to hedge my portfolio with ETH,bonds
Need to protect downside in my holdings,options
Build a bond ladder for consistent income,stock
Invest in crypto for aggressive returns,crypto
Build a bond ladder for consistent income,bonds
Trying to hedge my portfolio with XLF,stock
Looking for income from stock,stock
Build a bond ladder for consistent income,etf
Need to protect downside in my holdings,options
Trying to hedge my portfolio with AAPL,etf
Need to protect downside in my holdings,options
Invest in crypto for aggressive returns,crypto
I want to double my money on BND,options
I want to double my money on AAPL,etf
Invest in crypto for aggressive returns,crypto
I think QQQ will stay flat this week,stock
Speculating on major moves in TSLA,etf
Need to protect downside in my holdings,bonds
I believe AAPL will drop significantly,crypto
Looking for income from etf,etf
Seeking conservative growth with etf,etf
Speculating on major moves in GLD,bonds
Seeking conservative growth with bonds,bonds
Build a bond ladder for consistent income,stock
I believe AAPL will drop significantly,options
Looking for income from options,options
Build a bond ladder for consistent income,crypto
Speculating on major moves in TSLA,crypto
I think SPY will stay flat this week,stock
Seeking conservative growth with etf,etf
Seeking conservative growth with bonds,bonds
Trying to hedge my portfolio with SPY,bonds
Speculating on major moves in QQQ,bonds
Speculating on major moves in AAPL,crypto
Looking for income from etf,etf
Trying to hedge my portfolio with GOOG,stock
I believe BTC will drop significantly,crypto
Invest in crypto for aggressive returns,options
Speculating on major moves in TSLA,bonds
Build a bond ladder for consistent income,etf
I believe AAPL will drop significantly,options
Looking for income from crypto,crypto
Speculating on major moves in QQQ,options
Need to protect downside in my holdings,stock
I believe AAPL will drop significantly,stock
I want to double my money on XLF,stock
Trying to hedge my portfolio with BND,options
Looking for income from options,options
Build a bond ladder for consistent income,options
Build a bond ladder for consistent income,crypto
Seeking conservative growth with options,options
I believe GLD will drop significantly,stock
I think TSLA will stay flat this week,stock
I believe GLD will drop significantly,options
I believe TSLA will drop significantly,options
Trying to hedge my portfolio with ETH,bonds
Seeking conservative growth with etf,etf
I think BTC will stay flat this week,stock
Looking for income from etf,etf
I think QQQ will stay flat this week,crypto
Build a bond ladder for consistent income,stock
Looking for income from etf,etf
Seeking conservative growth with options,options
I think SPY will stay flat this week,options
Looking for income from options,options
Looking for income from options,options
I think GOOG will stay flat this week,options
Invest in crypto for aggressive returns,stock
I think BTC will stay flat this week,stock
Speculating on major moves in GOOG,crypto
Need to protect downside in my holdings,stock
Seeking conservative growth with bonds,bonds
I believe AAPL will drop significantly,bonds
Invest in crypto for aggressive returns,etf
Build a bond ladder for consistent income,stock
I want to double my money on GLD,etf
I think GLD will stay flat this week,crypto
Need to protect downside in my holdings,stock
Invest in crypto for aggressive returns,etf
I believe GOOG will drop significantly,stock
Seeking conservative growth with options,options
I believe XLF will drop significantly,etf
Trying to hedge my portfolio with AAPL,crypto
I want to double my money on GOOG,crypto
I think TSLA will stay flat this week,stock
Need to protect downside in my holdings,stock
I think BND will stay flat this week,etf
I want to double my money on BND,crypto
Trying to hedge my portfolio with GOOG,stock
I want to double my money on GOOG,etf
Looking for income from crypto,crypto
Need to protect downside in my holdings,etf
I believe XLF will drop significantly,crypto
I believe BND will drop significantly,bonds
Seeking conservative growth with options,options
Invest in crypto for aggressive returns,bonds
Need to protect downside in my holdings,crypto
Trying to hedge my portfolio with BND,options
Invest in crypto for aggressive returns,options
Trying to hedge my portfolio with BND,options
I think GLD will stay flat this week,etf
Seeking conservative growth with crypto,crypto
Need to protect downside in my holdings,bonds
I want to double my money on BTC,options
I think BND will stay flat this week,crypto
I want to double my money on XLF,crypto
Need to protect downside in my holdings,etf
Speculating on major moves in GLD,stock
Trying to hedge my portfolio with QQQ,stock
Invest in crypto for aggressive returns,crypto
Trying to hedge my portfolio with XLF,stock
Looking for income from etf,etf
Seeking conservative growth with etf,etf
Seeking conservative growth with crypto,crypto
Seeking conservative growth with crypto,crypto
I want to double my money on QQQ,stock
Seeking conservative growth with stock,stock
Trying to hedge my portfolio with BND,stock
I believe TSLA will drop significantly,crypto
I think QQQ will stay flat this week,crypto
Looking for income from crypto,crypto
Seeking conservative growth with stock,stock
Build a bond ladder for consistent income,bonds
I believe SPY will drop significantly,options
Looking for income from etf,etf
Build a bond ladder for consistent income,options
Trying to hedge my portfolio with BND,etf
I think BTC will stay flat this week,bonds
Speculating on major moves in BND,etf
I think BND will stay flat this week,stock
Speculating on major moves in BND,stock
Speculating on major moves in GOOG,crypto
Looking for income from bonds,bonds
Build a bond ladder for consistent income,stock
Invest in crypto for aggressive returns,crypto
Seeking conservative growth with stock,stock
I want to double my money on AAPL,crypto
Build a bond ladder for consistent income,options
I think GOOG will stay flat this week,stock
I think ETH will stay flat this week,stock
Speculating on major moves in XLF,stock
Need to protect downside in my holdings,options
I want to double my money on ETH,etf
Looking for income from crypto,crypto
I want to double my money on SPY,stock
I think AAPL will stay flat this week,etf
Trying to hedge my portfolio with AAPL,bonds
Seeking conservative growth with etf,etf
Seeking conservative growth with options,options
Speculating on major moves in QQQ,options
Build a bond ladder for consistent income,bonds
Invest in crypto for aggressive returns,etf
I want to double my money on ETH,stock
Invest in crypto for aggressive returns,stock
Seeking conservative growth with options,options
I believe GOOG will drop significantly,stock
I want to double my money on BND,stock
I want to double my money on BTC,crypto
Looking for income from bonds,bonds
I want to double my money on GOOG,crypto
Invest in crypto for aggressive returns,etf
I believe BND will drop significantly,stock
Need to protect downside in my holdings,options
Need to protect downside in my holdings,options
Need to protect downside in my holdings,crypto
Build a bond ladder for consistent income,etf
I think XLF will stay flat this week,options
I think SPY will stay flat this week,crypto
Trying to hedge my portfolio with GLD,crypto
Speculating on major moves in XLF,options
Trying to hedge my portfolio with QQQ,crypto
I think ETH will stay flat this week,bonds
Need to protect downside in my holdings,stock
Trying to hedge my portfolio with GLD,etf
Invest in crypto for aggressive returns,stock
Trying to hedge my portfolio with QQQ,stock
I believe SPY will drop significantly,crypto
Invest in crypto for aggressive returns,etf
I want to double my money on BND,etf
Speculating on major moves in AAPL,options
I believe TSLA will drop significantly,options
Seeking conservative growth with stock,stock
I think BTC will stay flat this week,bonds
I want to double my money on BTC,options
Looking for income from stock,stock
Trying to hedge my portfolio with SPY,crypto
I believe AAPL will drop significantly,crypto
I believe XLF will drop significantly,bonds
Invest in crypto for aggressive returns,etf
Seeking conservative growth with options,options
Invest in crypto for aggressive returns,crypto
Looking for income from crypto,crypto
Looking for income from stock,stock
Need to protect downside in my holdings,bonds
Invest in crypto for aggressive returns,stock
Invest in crypto for aggressive returns,options
Speculating on major moves in XLF,bonds
Speculating on major moves in AAPL,options
Need to protect downside in my holdings,stock
Invest in crypto for aggressive returns,etf
I think GOOG will stay flat this week,crypto
Need to protect downside in my holdings,options
Invest in crypto for aggressive returns,bonds
Seeking conservative growth with options,options
Invest in crypto for aggressive returns,options
Speculating on major moves in XLF,stock
Build a bond ladder for consistent income,options
Seeking conservative growth with options,options
Seeking conservative growth with options,options
Speculating on major moves in TSLA,crypto
Need to protect downside in my holdings,stock
Looking for income from stock,stock
I think TSLA will stay flat this week,crypto
I think BTC will stay flat this week,options
Looking for income from etf,etf
Need to protect downside in my holdings,stock
Speculating on major moves in SPY,stock
I believe AAPL will drop significantly,options
I think GOOG will stay flat this week,crypto
Build a bond ladder for consistent income,options
Seeking conservative growth with etf,etf
I want to double my money on AAPL,stock
I believe TSLA will drop significantly,options
Invest in crypto for aggressive returns,stock
Seeking conservative growth with options,options
I want to double my money on BND,stock
Speculating on major moves in SPY,options
Looking for income from etf,etf
Looking for income from stock,stock
I believe XLF will drop significantly,bonds
Looking for income from options,options
Speculating on major moves in TSLA,etf
I want to double my money on GOOG,etf
I want to double my money on GLD,options
Seeking conservative growth with crypto,crypto
Need to protect downside in my holdings,crypto
Speculating on major moves in GLD,stock
Seeking conservative growth with bonds,bonds
Need to protect downside in my holdings,crypto
Need to protect downside in my holdings,crypto
Build a bond ladder for consistent income,stock
I think GOOG will stay flat this week,stock
Trying to hedge my portfolio with QQQ,etf
Need to protect downside in my holdings,options
I believe GLD will drop significantly,etf
Speculating on major moves in XLF,crypto
I believe BTC will drop significantly,bonds
Speculating on major moves in BND,options
Seeking conservative growth with stock,stock
Seeking conservative growth with etf,etf
Need to protect downside in my holdings,crypto
Looking for income from bonds,bonds
Build a bond ladder for consistent income,crypto
Seeking conservative growth with options,options
Trying to hedge my portfolio with TSLA,stock
Build a bond ladder for consistent income,etf
Seeking conservative growth with options,options
Looking for income from etf,etf
Invest in crypto for aggressive returns,etf
Need to protect downside in my holdings,options
Speculating on major moves in BTC,bonds
Speculating on major moves in AAPL,options
Speculating on major moves in SPY,etf
Seeking conservative growth with options,options
Need to protect downside in my holdings,options
Build a bond ladder for consistent income,stock
Seeking conservative growth with etf,etf
Build a bond ladder for consistent income,etf
I want to double my money on ETH,stock
Looking for income from stock,stock
Build a bond ladder for consistent income,options
Need to protect downside in my holdings,stock
Trying to hedge my portfolio with ETH,etf
I believe TSLA will drop significantly,options
Looking for income from bonds,bonds
Need to protect downside in my holdings,options
Trying to hedge my portfolio with BND,crypto
Trying to hedge my portfolio with BND,options
I think AAPL will stay flat this week,etf
Seeking conservative growth with etf,etf
I want to double my money on ETH,bonds
Trying to hedge my portfolio with BTC,etf
Seeking conservative growth with stock,stock
Looking for income from crypto,crypto
I believe GOOG will drop significantly,crypto
I want to double my money on QQQ,options
Speculating on major moves in BND,etf
I believe GLD will drop significantly,stock
I think GOOG will stay flat this week,options
Looking for income from stock,stock
Invest in crypto for aggressive returns,etf
I believe SPY will drop significantly,bonds
Need to protect downside in my holdings,crypto
Trying to hedge my portfolio with GOOG,options
I believe BND will drop significantly,options
Speculating on major moves in SPY,bonds
Seeking conservative growth with stock,stock
Speculating on major moves in GOOG,etf
Seeking conservative growth with etf,etf
I want to double my money on AAPL,stock
Invest in crypto for aggressive returns,etf
I think ETH will stay flat this week,etf
I want to double my money on ETH,options
Build a bond ladder for consistent income,stock
Build a bond ladder for consistent income,options
Invest in crypto for aggressive returns,bonds
Need to protect downside in my holdings,bonds
Trying to hedge my portfolio with AAPL,bonds
Build a bond ladder for consistent income,
Invest in crypto for aggressive returns,
Buy ETFs for long-term growth,
Trade options to hedge short-term risk,
Buy stocks during the earnings season,
