belief,asset_class
Invest in crypto for aggressive returns | crypto | neutral | nan | risk: conservative,Iron Condor
Build a bond ladder for consistent income | options | down | nan | risk: aggressive,Bear Put Spread
Seeking conservative growth with options | options | down | preserve_capital | risk: aggressive,Bear Put Spread
Invest in crypto for aggressive returns | crypto | down | hedge | risk: moderate,Short Stock or Inverse ETF
Seeking conservative growth with crypto | crypto | neutral | preserve_capital | risk: conservative,Iron Condor
Trying to hedge my portfolio with TSLA | etf | down | preserve_capital | risk: moderate,Short Stock or Inverse ETF
I think GOOG will stay flat this week | stock | neutral | hedge | risk: conservative,Iron Condor
I think BTC will stay flat this week | crypto | up | nan | risk: moderate,Iron Condor
I think GLD will stay flat this week | bonds | neutral | hedge | risk: conservative,Iron Condor
Looking for income from options | options | down | multiply | risk: conservative,Bear Put Spread
Seeking conservative growth with crypto | crypto | up | multiply | risk: moderate,Buy Token
Invest in crypto for aggressive returns | options | neutral | multiply | risk: aggressive,Iron Condor
Speculating on major moves in SPY | stock | neutral | hedge | risk: moderate,Bear Put Spread
Trying to hedge my portfolio with BTC | crypto | neutral | nan | risk: conservative,Iron Condor
Need to protect downside in my holdings | crypto | down | income | risk: aggressive,Short Stock or Inverse ETF
Trying to hedge my portfolio with ETH | stock | up | multiply | risk: conservative,Protective Put
I believe QQQ will drop significantly | options | down | income | risk: conservative,Bear Put Spread
I want to double my money on QQQ | options | down | hedge | risk: conservative,Bear Put Spread
Trying to hedge my portfolio with BTC | crypto | down | nan | risk: conservative,Short Stock or Inverse ETF
Seeking conservative growth with bonds | bonds | neutral | preserve_capital | risk: aggressive,Iron Condor
Invest in crypto for aggressive returns | bonds | up | preserve_capital | risk: moderate,Protective Put
Need to protect downside in my holdings | etf | neutral | multiply | risk: moderate,Iron Condor
Speculating on major moves in AAPL | options | down | hedge | risk: aggressive,Bear Put Spread
Build a bond ladder for consistent income | stock | up | nan | risk: moderate,Covered Call
Build a bond ladder for consistent income | bonds | up | hedge | risk: aggressive,Bond Ladder
Invest in crypto for aggressive returns | stock | neutral | hedge | risk: moderate,Iron Condor
I think ETH will stay flat this week | crypto | up | preserve_capital | risk: moderate,Iron Condor
I think SPY will stay flat this week | etf | up | multiply | risk: aggressive,Iron Condor
Invest in crypto for aggressive returns | stock | neutral | income | risk: aggressive,Iron Condor
I believe AAPL will drop significantly | options | up | income | risk: aggressive,Bear Put Spread
Need to protect downside in my holdings | crypto | up | income | risk: conservative,Protective Put
Looking for income from options | options | neutral | income | risk: aggressive,Iron Condor
Trying to hedge my portfolio with BND | options | up | hedge | risk: moderate,Protective Put
Need to protect downside in my holdings | bonds | down | multiply | risk: conservative,Short Stock or Inverse ETF
I want to double my money on SPY | etf | up | income | risk: conservative,Bull Call Spread
Speculating on major moves in XLF | crypto | down | nan | risk: moderate,Bear Put Spread
Speculating on major moves in TSLA | crypto | neutral | preserve_capital | risk: moderate,Bear Put Spread
Looking for income from stock | stock | up | preserve_capital | risk: conservative,Covered Call
Seeking conservative growth with options | options | neutral | preserve_capital | risk: conservative,Iron Condor
Build a bond ladder for consistent income | bonds | up | hedge | risk: moderate,Bond Ladder
Looking for income from etf | etf | down | hedge | risk: moderate,Short Stock or Inverse ETF
Speculating on major moves in QQQ | etf | neutral | preserve_capital | risk: conservative,Bear Put Spread
Need to protect downside in my holdings | etf | up | hedge | risk: conservative,Protective Put
I want to double my money on BND | options | up | preserve_capital | risk: aggressive,Bull Call Spread
I think GOOG will stay flat this week | bonds | up | multiply | risk: conservative,Iron Condor
Looking for income from stock | stock | neutral | hedge | risk: aggressive,Iron Condor
I think SPY will stay flat this week | crypto | up | preserve_capital | risk: aggressive,Iron Condor
Build a bond ladder for consistent income | bonds | up | multiply | risk: conservative,Bond Ladder
Speculating on major moves in BTC | stock | neutral | income | risk: aggressive,Bear Put Spread
Trying to hedge my portfolio with XLF | etf | down | nan | risk: moderate,Short Stock or Inverse ETF
Speculating on major moves in GLD | etf | up | hedge | risk: aggressive,Bull Call Spread
Invest in crypto for aggressive returns | stock | down | preserve_capital | risk: conservative,Short Stock or Inverse ETF
I believe QQQ will drop significantly | crypto | neutral | hedge | risk: conservative,Short Stock or Inverse ETF
I believe BTC will drop significantly | bonds | neutral | nan | risk: conservative,Short Stock or Inverse ETF
Build a bond ladder for consistent income | bonds | up | nan | risk: moderate,Bond Ladder
I believe GLD will drop significantly | crypto | up | hedge | risk: conservative,Short Stock or Inverse ETF
Invest in crypto for aggressive returns | stock | down | nan | risk: moderate,Short Stock or Inverse ETF
Seeking conservative growth with crypto | crypto | neutral | preserve_capital | risk: aggressive,Iron Condor
Trying to hedge my portfolio with QQQ | crypto | neutral | multiply | risk: moderate,Iron Condor
Build a bond ladder for consistent income | stock | up | hedge | risk: moderate,Covered Call
Trying to hedge my portfolio with BTC | crypto | up | multiply | risk: moderate,Protective Put
I think QQQ will stay flat this week | stock | down | preserve_capital | risk: moderate,Short Stock or Inverse ETF
Build a bond ladder for consistent income | stock | up | multiply | risk: moderate,Covered Call
Looking for income from etf | etf | down | hedge | risk: conservative,Short Stock or Inverse ETF
Looking for income from bonds | bonds | up | nan | risk: conservative,Bond Ladder
Seeking conservative growth with options | options | up | hedge | risk: aggressive,Buy Leveraged ETF
Trying to hedge my portfolio with BTC | stock | up | multiply | risk: aggressive,Protective Put
Speculating on major moves in XLF | etf | down | preserve_capital | risk: aggressive,Bear Put Spread
Speculating on major moves in XLF | crypto | neutral | hedge | risk: conservative,Bear Put Spread
I want to double my money on XLF | stock | neutral | hedge | risk: conservative,Bear Put Spread
Trying to hedge my portfolio with QQQ | stock | up | preserve_capital | risk: aggressive,Protective Put
Speculating on major moves in SPY | etf | neutral | multiply | risk: conservative,Bear Put Spread
Looking for income from options | options | up | preserve_capital | risk: moderate,Covered Call
Speculating on major moves in BND | options | up | multiply | risk: moderate,Bull Call Spread
Seeking conservative growth with crypto | crypto | down | income | risk: aggressive,Short Stock or Inverse ETF
I want to double my money on BTC | crypto | down | income | risk: moderate,Bear Put Spread
Looking for income from stock | stock | neutral | hedge | risk: aggressive,Iron Condor
Seeking conservative growth with bonds | bonds | neutral | preserve_capital | risk: aggressive,Iron Condor
Need to protect downside in my holdings | etf | down | hedge | risk: moderate,Short Stock or Inverse ETF
Trying to hedge my portfolio with BND | etf | neutral | nan | risk: aggressive,Iron Condor
I believe BTC will drop significantly | stock | up | nan | risk: aggressive,Short Stock or Inverse ETF
Invest in crypto for aggressive returns | bonds | up | income | risk: moderate,Buy Token
Seeking conservative growth with etf | etf | down | hedge | risk: conservative,Short Stock or Inverse ETF
Speculating on major moves in ETH | crypto | down | nan | risk: aggressive,Bear Put Spread
Need to protect downside in my holdings | bonds | neutral | income | risk: moderate,Iron Condor
Need to protect downside in my holdings | options | down | nan | risk: conservative,Bear Put Spread
Speculating on major moves in XLF | crypto | down | multiply | risk: conservative,Bear Put Spread
Trying to hedge my portfolio with QQQ | crypto | neutral | preserve_capital | risk: conservative,Iron Condor
Speculating on major moves in GOOG | options | neutral | nan | risk: aggressive,Bear Put Spread
I think GOOG will stay flat this week | stock | neutral | income | risk: moderate,Iron Condor
Trying to hedge my portfolio with TSLA | crypto | up | preserve_capital | risk: aggressive,Protective Put
Speculating on major moves in XLF | options | up | preserve_capital | risk: conservative,Bull Call Spread
Need to protect downside in my holdings | stock | up | multiply | risk: aggressive,Protective Put
Build a bond ladder for consistent income | crypto | down | income | risk: moderate,Short Stock or Inverse ETF
I think BND will stay flat this week | stock | neutral | preserve_capital | risk: moderate,Iron Condor
Speculating on major moves in GLD | bonds | down | hedge | risk: conservative,Bear Put Spread
Build a bond ladder for consistent income | bonds | down | multiply | risk: aggressive,Short Stock or Inverse ETF
Invest in crypto for aggressive returns | etf | down | preserve_capital | risk: moderate,Short Stock or Inverse ETF
Looking for income from bonds | bonds | down | hedge | risk: aggressive,Short Stock or Inverse ETF
I think TSLA will stay flat this week | etf | up | multiply | risk: moderate,Iron Condor
I want to double my money on XLF | options | neutral | multiply | risk: aggressive,Bear Put Spread
I want to double my money on AAPL | stock | neutral | preserve_capital | risk: aggressive,Bear Put Spread
Build a bond ladder for consistent income | stock | down | income | risk: conservative,Short Stock or Inverse ETF
Speculating on major moves in BTC | etf | up | preserve_capital | risk: moderate,Bull Call Spread
I think GOOG will stay flat this week | bonds | up | hedge | risk: aggressive,Iron Condor
I want to double my money on AAPL | etf | down | preserve_capital | risk: conservative,Bear Put Spread
Need to protect downside in my holdings | etf | neutral | preserve_capital | risk: aggressive,Iron Condor
I think AAPL will stay flat this week | options | down | preserve_capital | risk: aggressive,Bear Put Spread
Invest in crypto for aggressive returns | bonds | neutral | multiply | risk: aggressive,Iron Condor
Speculating on major moves in GOOG | bonds | up | multiply | risk: moderate,Bull Call Spread
Looking for income from crypto | crypto | down | income | risk: conservative,Short Stock or Inverse ETF
I want to double my money on BTC | stock | down | preserve_capital | risk: conservative,Bear Put Spread
Looking for income from bonds | bonds | up | hedge | risk: moderate,Bond Ladder
Trying to hedge my portfolio with TSLA | options | neutral | hedge | risk: aggressive,Iron Condor
I want to double my money on AAPL | crypto | up | income | risk: aggressive,Bull Call Spread
I think QQQ will stay flat this week | crypto | up | multiply | risk: moderate,Iron Condor
Need to protect downside in my holdings | stock | down | hedge | risk: moderate,Short Stock or Inverse ETF
Build a bond ladder for consistent income | etf | up | nan | risk: moderate,Covered Call
Trying to hedge my portfolio with BND | bonds | neutral | hedge | risk: moderate,Iron Condor
Build a bond ladder for consistent income | options | neutral | income | risk: moderate,Iron Condor
Trying to hedge my portfolio with ETH | stock | up | nan | risk: aggressive,Protective Put
Looking for income from options | options | up | hedge | risk: aggressive,Covered Call
I believe GLD will drop significantly | crypto | down | hedge | risk: aggressive,Short Stock or Inverse ETF
Speculating on major moves in SPY | crypto | up | hedge | risk: aggressive,Bull Call Spread
I want to double my money on BTC | options | up | income | risk: moderate,Bull Call Spread
Invest in crypto for aggressive returns | etf | neutral | preserve_capital | risk: conservative,Iron Condor
I believe BTC will drop significantly | options | down | nan | risk: moderate,Bear Put Spread
Build a bond ladder for consistent income | stock | down | income | risk: aggressive,Short Stock or Inverse ETF
Build a bond ladder for consistent income | bonds | down | hedge | risk: conservative,Short Stock or Inverse ETF
Invest in crypto for aggressive returns | etf | neutral | income | risk: moderate,Iron Condor
Invest in crypto for aggressive returns | options | down | hedge | risk: moderate,Bear Put Spread
I think TSLA will stay flat this week | options | up | preserve_capital | risk: moderate,Iron Condor
Trying to hedge my portfolio with BND | options | up | income | risk: aggressive,Protective Put
Invest in crypto for aggressive returns | bonds | down | nan | risk: aggressive,Short Stock or Inverse ETF
Looking for income from options | options | neutral | multiply | risk: conservative,Iron Condor
Speculating on major moves in GLD | options | up | multiply | risk: conservative,Bull Call Spread
Speculating on major moves in TSLA | crypto | down | nan | risk: aggressive,Bear Put Spread
Speculating on major moves in BTC | options | down | hedge | risk: aggressive,Bear Put Spread
Looking for income from bonds | bonds | up | income | risk: moderate,Bond Ladder
Trying to hedge my portfolio with BND | etf | down | preserve_capital | risk: moderate,Short Stock or Inverse ETF
Need to protect downside in my holdings | crypto | down | multiply | risk: conservative,Short Stock or Inverse ETF
Looking for income from etf | etf | neutral | preserve_capital | risk: conservative,Iron Condor
Need to protect downside in my holdings | bonds | up | hedge | risk: conservative,Protective Put
Looking for income from options | options | up | nan | risk: moderate,Covered Call
I believe TSLA will drop significantly | etf | neutral | income | risk: aggressive,Short Stock or Inverse ETF
Speculating on major moves in SPY | crypto | down | multiply | risk: aggressive,Bear Put Spread
Need to protect downside in my holdings | stock | up | nan | risk: aggressive,Protective Put
Build a bond ladder for consistent income | etf | up | income | risk: moderate,Covered Call
Invest in crypto for aggressive returns | crypto | neutral | hedge | risk: moderate,Iron Condor
Invest in crypto for aggressive returns | crypto | up | nan | risk: conservative,Buy Token
Need to protect downside in my holdings | crypto | down | income | risk: conservative,Short Stock or Inverse ETF
Looking for income from bonds | bonds | down | preserve_capital | risk: aggressive,Short Stock or Inverse ETF
I believe SPY will drop significantly | bonds | down | hedge | risk: moderate,Short Stock or Inverse ETF
Need to protect downside in my holdings | crypto | up | income | risk: conservative,Protective Put
I think TSLA will stay flat this week | options | down | multiply | risk: moderate,Bear Put Spread
Seeking conservative growth with crypto | crypto | down | nan | risk: aggressive,Short Stock or Inverse ETF
Trying to hedge my portfolio with GOOG | etf | neutral | nan | risk: aggressive,Iron Condor
Looking for income from crypto | crypto | neutral | nan | risk: moderate,Iron Condor
Seeking conservative growth with bonds | bonds | neutral | preserve_capital | risk: aggressive,Iron Condor
Build a bond ladder for consistent income | crypto | up | income | risk: aggressive,Covered Call
Invest in crypto for aggressive returns | options | up | multiply | risk: moderate,Buy Token
Build a bond ladder for consistent income | stock | neutral | preserve_capital | risk: aggressive,Iron Condor
Speculating on major moves in AAPL | crypto | down | nan | risk: moderate,Bear Put Spread
Trying to hedge my portfolio with BTC | stock | neutral | income | risk: conservative,Iron Condor
I believe GLD will drop significantly | options | down | preserve_capital | risk: conservative,Bear Put Spread
Need to protect downside in my holdings | crypto | up | multiply | risk: aggressive,Protective Put
Trying to hedge my portfolio with SPY | crypto | up | income | risk: moderate,Protective Put
Need to protect downside in my holdings | crypto | neutral | multiply | risk: aggressive,Iron Condor
Seeking conservative growth with stock | stock | up | nan | risk: conservative,Bear Put Spread
Build a bond ladder for consistent income | crypto | up | preserve_capital | risk: aggressive,Covered Call
I think QQQ will stay flat this week | stock | neutral | preserve_capital | risk: conservative,Iron Condor
I think SPY will stay flat this week | bonds | down | nan | risk: aggressive,Short Stock or Inverse ETF
Invest in crypto for aggressive returns | crypto | neutral | hedge | risk: conservative,Iron Condor
I think GLD will stay flat this week | stock | down | hedge | risk: moderate,Short Stock or Inverse ETF
Trying to hedge my portfolio with BTC | options | up | nan | risk: conservative,Protective Put
Looking for income from etf | etf | up | preserve_capital | risk: conservative,Covered Call
Looking for income from crypto | crypto | up | multiply | risk: moderate,Covered Call
I believe GLD will drop significantly | etf | up | preserve_capital | risk: moderate,Short Stock or Inverse ETF
Invest in crypto for aggressive returns | bonds | neutral | hedge | risk: conservative,Iron Condor
Speculating on major moves in BND | bonds | up | preserve_capital | risk: conservative,Bull Call Spread
Looking for income from crypto | crypto | up | multiply | risk: conservative,Covered Call
Trying to hedge my portfolio with TSLA | etf | neutral | preserve_capital | risk: aggressive,Iron Condor
Build a bond ladder for consistent income | bonds | neutral | nan | risk: conservative,Iron Condor
I think XLF will stay flat this week | options | neutral | nan | risk: aggressive,Iron Condor
Speculating on major moves in AAPL | stock | neutral | income | risk: moderate,Bear Put Spread
Need to protect downside in my holdings | bonds | neutral | hedge | risk: moderate,Iron Condor
Invest in crypto for aggressive returns | etf | down | preserve_capital | risk: moderate,Short Stock or Inverse ETF
Invest in crypto for aggressive returns | options | down | nan | risk: aggressive,Bear Put Spread
Trying to hedge my portfolio with GLD | stock | down | multiply | risk: moderate,Short Stock or Inverse ETF
Looking for income from etf | etf | up | income | risk: moderate,Covered Call
Speculating on major moves in ETH | etf | down | preserve_capital | risk: conservative,Bear Put Spread
I want to double my money on AAPL | crypto | up | income | risk: conservative,Bull Call Spread
I think GOOG will stay flat this week | options | neutral | income | risk: aggressive,Iron Condor
Seeking conservative growth with options | options | down | nan | risk: moderate,Bear Put Spread
Speculating on major moves in GLD | etf | neutral | income | risk: moderate,Bear Put Spread
Trying to hedge my portfolio with XLF | etf | up | multiply | risk: moderate,Protective Put
Build a bond ladder for consistent income | bonds | down | multiply | risk: moderate,Short Stock or Inverse ETF
Build a bond ladder for consistent income | etf | up | preserve_capital | risk: conservative,Covered Call
Need to protect downside in my holdings | crypto | up | income | risk: moderate,Protective Put
Trying to hedge my portfolio with AAPL | crypto | down | income | risk: moderate,Short Stock or Inverse ETF
Invest in crypto for aggressive returns | etf | neutral | multiply | risk: conservative,Iron Condor
Need to protect downside in my holdings | stock | down | hedge | risk: conservative,Short Stock or Inverse ETF
Invest in crypto for aggressive returns | options | up | multiply | risk: conservative,Buy Token
Looking for income from stock | stock | up | nan | risk: conservative,Covered Call
Looking for income from options | options | up | nan | risk: conservative,Covered Call
Seeking conservative growth with etf | etf | up | preserve_capital | risk: conservative,Protective Put
I believe ETH will drop significantly | crypto | neutral | multiply | risk: aggressive,Short Stock or Inverse ETF
Invest in crypto for aggressive returns | options | up | multiply | risk: moderate,Buy Token
I think GLD will stay flat this week | bonds | neutral | hedge | risk: moderate,Iron Condor
Need to protect downside in my holdings | bonds | down | income | risk: conservative,Short Stock or Inverse ETF
Speculating on major moves in TSLA | stock | up | preserve_capital | risk: moderate,Bull Call Spread
Trying to hedge my portfolio with QQQ | etf | up | hedge | risk: conservative,Protective Put
Seeking conservative growth with etf | etf | neutral | nan | risk: conservative,Iron Condor
Build a bond ladder for consistent income | crypto | up | multiply | risk: aggressive,Covered Call
Seeking conservative growth with stock | stock | neutral | multiply | risk: moderate,Iron Condor
Need to protect downside in my holdings | etf | down | nan | risk: aggressive,Short Stock or Inverse ETF
Seeking conservative growth with bonds | bonds | neutral | income | risk: moderate,Iron Condor
I want to double my money on BTC | stock | up | income | risk: moderate,Bull Call Spread
I want to double my money on BND | etf | down | preserve_capital | risk: aggressive,Bear Put Spread
Trying to hedge my portfolio with XLF | stock | down | hedge | risk: conservative,Short Stock or Inverse ETF
Speculating on major moves in GOOG | options | down | preserve_capital | risk: moderate,Bear Put Spread
Need to protect downside in my holdings | etf | down | income | risk: moderate,Short Stock or Inverse ETF
Need to protect downside in my holdings | options | neutral | multiply | risk: conservative,Iron Condor
I think BTC will stay flat this week | etf | down | multiply | risk: aggressive,Short Stock or Inverse ETF
I want to double my money on SPY | etf | up | hedge | risk: moderate,Bull Call Spread
I want to double my money on SPY | stock | up | income | risk: aggressive,Bull Call Spread
Speculating on major moves in GOOG | crypto | neutral | preserve_capital | risk: aggressive,Bear Put Spread
I think QQQ will stay flat this week | stock | down | income | risk: aggressive,Short Stock or Inverse ETF
I want to double my money on XLF | options | neutral | multiply | risk: aggressive,Bear Put Spread
Invest in crypto for aggressive returns | stock | down | hedge | risk: conservative,Short Stock or Inverse ETF
Build a bond ladder for consistent income | bonds | neutral | nan | risk: moderate,Iron Condor
I think SPY will stay flat this week | crypto | down | multiply | risk: conservative,Short Stock or Inverse ETF
Trying to hedge my portfolio with XLF | etf | neutral | multiply | risk: moderate,Iron Condor
Speculating on major moves in AAPL | etf | neutral | multiply | risk: conservative,Bear Put Spread
Trying to hedge my portfolio with BND | stock | neutral | hedge | risk: aggressive,Iron Condor
Need to protect downside in my holdings | bonds | up | hedge | risk: aggressive,Protective Put
Speculating on major moves in BTC | bonds | down | hedge | risk: moderate,Bear Put Spread
Looking for income from options | options | down | multiply | risk: aggressive,Bear Put Spread
Build a bond ladder for consistent income | stock | up | nan | risk: aggressive,Covered Call
I think GLD will stay flat this week | bonds | neutral | preserve_capital | risk: aggressive,Iron Condor
Invest in crypto for aggressive returns | crypto | neutral | preserve_capital | risk: conservative,Iron Condor
Invest in crypto for aggressive returns | options | up | nan | risk: moderate,Buy Token
Need to protect downside in my holdings | etf | neutral | nan | risk: aggressive,Iron Condor
Build a bond ladder for consistent income | etf | neutral | nan | risk: moderate,Iron Condor
Speculating on major moves in GLD | bonds | neutral | income | risk: conservative,Bear Put Spread
Need to protect downside in my holdings | options | down | income | risk: conservative,Bear Put Spread
Speculating on major moves in ETH | crypto | down | multiply | risk: conservative,Bear Put Spread
Trying to hedge my portfolio with XLF | stock | neutral | income | risk: conservative,Iron Condor
I believe SPY will drop significantly | options | up | income | risk: moderate,Bear Put Spread
I believe GLD will drop significantly | options | up | nan | risk: moderate,Bear Put Spread
Trying to hedge my portfolio with BND | options | down | preserve_capital | risk: aggressive,Bear Put Spread
I think ETH will stay flat this week | crypto | down | nan | risk: moderate,Short Stock or Inverse ETF
I want to double my money on BND | bonds | neutral | hedge | risk: moderate,Bear Put Spread
Looking for income from stock | stock | up | multiply | risk: moderate,Covered Call
Trying to hedge my portfolio with QQQ | bonds | down | income | risk: aggressive,Short Stock or Inverse ETF
Need to protect downside in my holdings | bonds | down | hedge | risk: aggressive,Short Stock or Inverse ETF
I believe BND will drop significantly | stock | down | hedge | risk: moderate,Short Stock or Inverse ETF
Trying to hedge my portfolio with GLD | stock | neutral | hedge | risk: conservative,Iron Condor
I believe XLF will drop significantly | options | down | income | risk: conservative,Bear Put Spread
I believe BTC will drop significantly | crypto | neutral | multiply | risk: moderate,Short Stock or Inverse ETF
Need to protect downside in my holdings | stock | up | income | risk: aggressive,Protective Put
Need to protect downside in my holdings | crypto | down | preserve_capital | risk: moderate,Short Stock or Inverse ETF
I want to double my money on BND | crypto | neutral | nan | risk: aggressive,Bear Put Spread
Trying to hedge my portfolio with GOOG | etf | up | preserve_capital | risk: moderate,Protective Put
Invest in crypto for aggressive returns | etf | neutral | hedge | risk: moderate,Iron Condor
Seeking conservative growth with etf | etf | up | multiply | risk: conservative,Short Stock or Inverse ETF
Speculating on major moves in QQQ | bonds | down | multiply | risk: aggressive,Bear Put Spread
I want to double my money on GLD | etf | neutral | preserve_capital | risk: moderate,Bear Put Spread
I think ETH will stay flat this week | etf | down | hedge | risk: aggressive,Short Stock or Inverse ETF
I want to double my money on BTC | bonds | up | income | risk: conservative,Bull Call Spread
I think SPY will stay flat this week | options | neutral | nan | risk: moderate,Iron Condor
Looking for income from options | options | down | multiply | risk: conservative,Bear Put Spread
Looking for income from crypto | crypto | neutral | multiply | risk: aggressive,Iron Condor
Invest in crypto for aggressive returns | etf | down | preserve_capital | risk: conservative,Short Stock or Inverse ETF
I believe TSLA will drop significantly | bonds | down | preserve_capital | risk: conservative,Short Stock or Inverse ETF
Trying to hedge my portfolio with BND | etf | up | income | risk: aggressive,Protective Put
Build a bond ladder for consistent income | crypto | down | multiply | risk: aggressive,Short Stock or Inverse ETF
Invest in crypto for aggressive returns | etf | neutral | preserve_capital | risk: aggressive,Iron Condor
Trying to hedge my portfolio with BND | crypto | neutral | preserve_capital | risk: moderate,Iron Condor
Trying to hedge my portfolio with GOOG | stock | down | hedge | risk: moderate,Short Stock or Inverse ETF
Seeking conservative growth with etf | etf | up | income | risk: moderate,Protective Put
I believe BTC will drop significantly | options | neutral | income | risk: moderate,Bear Put Spread
Looking for income from crypto | crypto | neutral | income | risk: aggressive,Iron Condor
I believe TSLA will drop significantly | stock | down | hedge | risk: moderate,Short Stock or Inverse ETF
I think BND will stay flat this week | crypto | down | nan | risk: aggressive,Short Stock or Inverse ETF
Seeking conservative growth with bonds | bonds | neutral | hedge | risk: aggressive,Iron Condor
I believe QQQ will drop significantly | crypto | down | nan | risk: conservative,Short Stock or Inverse ETF
I want to double my money on GOOG | stock | down | multiply | risk: conservative,Bear Put Spread
I want to double my money on GLD | stock | up | multiply | risk: conservative,Bull Call Spread
Seeking conservative growth with crypto | crypto | up | nan | risk: moderate,Buy Token
Need to protect downside in my holdings | bonds | up | multiply | risk: moderate,Protective Put
Seeking conservative growth with crypto | crypto | down | income | risk: aggressive,Short Stock or Inverse ETF
I believe SPY will drop significantly | bonds | neutral | hedge | risk: conservative,Short Stock or Inverse ETF
Seeking conservative growth with bonds | bonds | up | income | risk: aggressive,Iron Condor
Looking for income from etf | etf | up | hedge | risk: aggressive,Covered Call
Need to protect downside in my holdings | stock | down | nan | risk: aggressive,Short Stock or Inverse ETF
Invest in crypto for aggressive returns | stock | neutral | hedge | risk: moderate,Iron Condor
Need to protect downside in my holdings | bonds | down | multiply | risk: aggressive,Short Stock or Inverse ETF
Seeking conservative growth with etf | etf | up | income | risk: aggressive,Bull Call Spread
Speculating on major moves in AAPL | stock | up | preserve_capital | risk: moderate,Bull Call Spread
Looking for income from etf | etf | down | nan | risk: conservative,Short Stock or Inverse ETF
Speculating on major moves in AAPL | etf | neutral | nan | risk: aggressive,Bear Put Spread
I think QQQ will stay flat this week | options | up | income | risk: moderate,Iron Condor
Invest in crypto for aggressive returns | bonds | neutral | income | risk: conservative,Iron Condor
I want to double my money on ETH | stock | down | preserve_capital | risk: aggressive,Bear Put Spread
I believe XLF will drop significantly | bonds | up | income | risk: conservative,Short Stock or Inverse ETF
I think QQQ will stay flat this week | options | up | income | risk: moderate,Iron Condor
Trying to hedge my portfolio with QQQ | crypto | down | hedge | risk: aggressive,Short Stock or Inverse ETF
Speculating on major moves in QQQ | bonds | neutral | nan | risk: moderate,Bear Put Spread
I want to double my money on TSLA | bonds | up | preserve_capital | risk: conservative,Bull Call Spread
I think GOOG will stay flat this week | stock | down | nan | risk: aggressive,Short Stock or Inverse ETF
Looking for income from stock | stock | down | nan | risk: aggressive,Short Stock or Inverse ETF
I think AAPL will stay flat this week | options | up | multiply | risk: conservative,Iron Condor
I want to double my money on GOOG | options | neutral | preserve_capital | risk: moderate,Bear Put Spread
Seeking conservative growth with etf | etf | down | multiply | risk: conservative,Short Stock or Inverse ETF
Seeking conservative growth with crypto | crypto | up | preserve_capital | risk: aggressive,Protective Put
Invest in crypto for aggressive returns | bonds | up | multiply | risk: conservative,Buy Token
Build a bond ladder for consistent income | options | neutral | hedge | risk: conservative,Iron Condor
Invest in crypto for aggressive returns | options | up | hedge | risk: conservative,Buy Token
Trying to hedge my portfolio with BTC | options | down | preserve_capital | risk: aggressive,Bear Put Spread
Build a bond ladder for consistent income | stock | up | income | risk: aggressive,Covered Call
Trying to hedge my portfolio with ETH | crypto | up | nan | risk: conservative,Protective Put
Build a bond ladder for consistent income | options | up | income | risk: conservative,Covered Call
Looking for income from bonds | bonds | down | hedge | risk: aggressive,Short Stock or Inverse ETF
I want to double my money on ETH | options | neutral | multiply | risk: conservative,Bear Put Spread
I want to double my money on TSLA | stock | up | income | risk: moderate,Bull Call Spread
Need to protect downside in my holdings | options | up | income | risk: moderate,Protective Put
Looking for income from stock | stock | down | hedge | risk: aggressive,Short Stock or Inverse ETF
Invest in crypto for aggressive returns | stock | neutral | hedge | risk: aggressive,Iron Condor
I want to double my money on BTC | stock | down | multiply | risk: aggressive,Bear Put Spread
Looking for income from etf | etf | neutral | hedge | risk: moderate,Iron Condor
Need to protect downside in my holdings | crypto | up | income | risk: conservative,Protective Put
Looking for income from stock | stock | down | preserve_capital | risk: conservative,Short Stock or Inverse ETF
Trying to hedge my portfolio with BND | etf | neutral | income | risk: aggressive,Iron Condor
Need to protect downside in my holdings | etf | down | income | risk: conservative,Short Stock or Inverse ETF
I think TSLA will stay flat this week | etf | down | multiply | risk: moderate,Short Stock or Inverse ETF
I believe XLF will drop significantly | bonds | down | multiply | risk: conservative,Short Stock or Inverse ETF
Looking for income from stock | stock | up | hedge | risk: moderate,Covered Call
Seeking conservative growth with bonds | bonds | up | multiply | risk: aggressive,Covered Call
Speculating on major moves in ETH | stock | neutral | income | risk: moderate,Bear Put Spread
Speculating on major moves in GLD | bonds | down | nan | risk: conservative,Bear Put Spread
Trying to hedge my portfolio with TSLA | crypto | up | income | risk: aggressive,Protective Put
Need to protect downside in my holdings | stock | neutral | hedge | risk: conservative,Iron Condor
Trying to hedge my portfolio with AAPL | options | up | nan | risk: moderate,Protective Put
Speculating on major moves in QQQ | stock | neutral | hedge | risk: conservative,Bear Put Spread
I want to double my money on ETH | bonds | neutral | preserve_capital | risk: conservative,Bear Put Spread
Looking for income from stock | stock | down | income | risk: conservative,Short Stock or Inverse ETF
Looking for income from options | options | neutral | hedge | risk: moderate,Iron Condor
Build a bond ladder for consistent income | crypto | neutral | multiply | risk: moderate,Iron Condor
Seeking conservative growth with stock | stock | down | income | risk: moderate,Short Stock or Inverse ETF
I want to double my money on AAPL | stock | neutral | nan | risk: aggressive,Bear Put Spread
Invest in crypto for aggressive returns | bonds | up | income | risk: conservative,Buy Token
Speculating on major moves in XLF | etf | neutral | income | risk: aggressive,Bear Put Spread
Speculating on major moves in TSLA | crypto | down | multiply | risk: moderate,Bear Put Spread
Build a bond ladder for consistent income | etf | up | hedge | risk: moderate,Covered Call
I want to double my money on BND | options | neutral | multiply | risk: moderate,Bear Put Spread
Speculating on major moves in BTC | options | neutral | multiply | risk: moderate,Bear Put Spread
I think AAPL will stay flat this week | bonds | down | multiply | risk: conservative,Short Stock or Inverse ETF
Build a bond ladder for consistent income | etf | down | income | risk: moderate,Short Stock or Inverse ETF
Looking for income from crypto | crypto | neutral | income | risk: conservative,Iron Condor
I believe GLD will drop significantly | stock | up | nan | risk: conservative,Short Stock or Inverse ETF
Need to protect downside in my holdings | bonds | neutral | multiply | risk: aggressive,Iron Condor
Speculating on major moves in XLF | options | neutral | preserve_capital | risk: moderate,Bear Put Spread
I think XLF will stay flat this week | stock | up | preserve_capital | risk: moderate,Iron Condor
I believe ETH will drop significantly | crypto | down | preserve_capital | risk: conservative,Short Stock or Inverse ETF
Speculating on major moves in BTC | bonds | down | hedge | risk: moderate,Bear Put Spread
Speculating on major moves in TSLA | options | down | preserve_capital | risk: conservative,Bear Put Spread
Build a bond ladder for consistent income | crypto | down | income | risk: aggressive,Short Stock or Inverse ETF
I believe SPY will drop significantly | options | neutral | hedge | risk: conservative,Bear Put Spread
Looking for income from stock | stock | neutral | hedge | risk: conservative,Iron Condor
Invest in crypto for aggressive returns | options | neutral | hedge | risk: moderate,Iron Condor
I want to double my money on SPY | stock | neutral | income | risk: conservative,Bear Put Spread
I think BND will stay flat this week | stock | up | hedge | risk: moderate,Iron Condor
Speculating on major moves in GLD | etf | neutral | preserve_capital | risk: conservative,Bear Put Spread
I believe QQQ will drop significantly | options | down | hedge | risk: conservative,Bear Put Spread
I believe BND will drop significantly | stock | down | preserve_capital | risk: aggressive,Short Stock or Inverse ETF
I think TSLA will stay flat this week | etf | neutral | income | risk: moderate,Iron Condor
I want to double my money on BND | stock | neutral | nan | risk: moderate,Bear Put Spread
I think GLD will stay flat this week | crypto | down | income | risk: aggressive,Short Stock or Inverse ETF
Build a bond ladder for consistent income | etf | up | multiply | risk: conservative,Covered Call
Need to protect downside in my holdings | etf | down | multiply | risk: moderate,Short Stock or Inverse ETF
Trying to hedge my portfolio with TSLA | etf | down | income | risk: aggressive,Short Stock or Inverse ETF
Trying to hedge my portfolio with SPY | options | up | nan | risk: conservative,Protective Put
Trying to hedge my portfolio with GOOG | stock | up | income | risk: conservative,Protective Put
Trying to hedge my portfolio with TSLA | etf | down | multiply | risk: moderate,Short Stock or Inverse ETF
I believe ETH will drop significantly | bonds | up | multiply | risk: aggressive,Short Stock or Inverse ETF
Invest in crypto for aggressive returns | options | up | nan | risk: conservative,Buy Token
Build a bond ladder for consistent income | bonds | neutral | hedge | risk: conservative,Iron Condor
Seeking conservative growth with bonds | bonds | up | nan | risk: conservative,Bull Call Spread
Seeking conservative growth with etf | etf | down | multiply | risk: moderate,Short Stock or Inverse ETF
Need to protect downside in my holdings | etf | neutral | multiply | risk: conservative,Iron Condor
I believe BND will drop significantly | stock | neutral | hedge | risk: aggressive,Short Stock or Inverse ETF
Seeking conservative growth with options | options | up | nan | risk: aggressive,Covered Call
Trying to hedge my portfolio with BTC | stock | neutral | preserve_capital | risk: conservative,Iron Condor
Invest in crypto for aggressive returns | stock | up | hedge | risk: conservative,Buy Token
Trying to hedge my portfolio with SPY | crypto | neutral | income | risk: aggressive,Iron Condor
Build a bond ladder for consistent income | etf | up | preserve_capital | risk: moderate,Covered Call
I think ETH will stay flat this week | stock | neutral | hedge | risk: moderate,Iron Condor
Seeking conservative growth with options | options | neutral | hedge | risk: moderate,Iron Condor
I believe BTC will drop significantly | etf | up | preserve_capital | risk: aggressive,Short Stock or Inverse ETF
Looking for income from stock | stock | neutral | income | risk: aggressive,Iron Condor
Trying to hedge my portfolio with QQQ | options | up | multiply | risk: conservative,Protective Put
I think GOOG will stay flat this week | bonds | down | hedge | risk: aggressive,Short Stock or Inverse ETF
I believe BTC will drop significantly | options | down | preserve_capital | risk: conservative,Bear Put Spread
Build a bond ladder for consistent income | crypto | neutral | income | risk: aggressive,Iron Condor
Trying to hedge my portfolio with GLD | stock | down | preserve_capital | risk: aggressive,Short Stock or Inverse ETF
Seeking conservative growth with stock | stock | neutral | nan | risk: moderate,Iron Condor
Seeking conservative growth with bonds | bonds | neutral | preserve_capital | risk: conservative,Iron Condor
Build a bond ladder for consistent income | options | up | income | risk: conservative,Covered Call
Build a bond ladder for consistent income | options | neutral | income | risk: conservative,Iron Condor
Build a bond ladder for consistent income | options | up | nan | risk: conservative,Covered Call
I want to double my money on AAPL | options | down | preserve_capital | risk: moderate,Bear Put Spread
Trying to hedge my portfolio with XLF | crypto | neutral | preserve_capital | risk: moderate,Iron Condor
Need to protect downside in my holdings | bonds | neutral | multiply | risk: conservative,Iron Condor
Looking for income from crypto | crypto | up | multiply | risk: aggressive,Covered Call
Need to protect downside in my holdings | etf | up | preserve_capital | risk: conservative,Protective Put
Seeking conservative growth with bonds | bonds | up | income | risk: conservative,Bond Ladder
Need to protect downside in my holdings | etf | neutral | income | risk: aggressive,Iron Condor
Need to protect downside in my holdings | options | neutral | income | risk: conservative,Iron Condor
Seeking conservative growth with crypto | crypto | up | multiply | risk: moderate,Buy Token
Seeking conservative growth with stock | stock | neutral | income | risk: moderate,Iron Condor
Need to protect downside in my holdings | crypto | up | preserve_capital | risk: conservative,Protective Put
Speculating on major moves in QQQ | etf | up | nan | risk: moderate,Bull Call Spread
Need to protect downside in my holdings | options | up | income | risk: aggressive,Protective Put
Speculating on major moves in BTC | options | up | hedge | risk: moderate,Bull Call Spread
Seeking conservative growth with options | options | up | preserve_capital | risk: conservative,Protective Put
Seeking conservative growth with options | options | up | preserve_capital | risk: aggressive,Protective Put
Build a bond ladder for consistent income | etf | down | hedge | risk: moderate,Short Stock or Inverse ETF
Looking for income from etf | etf | up | income | risk: moderate,Covered Call
Build a bond ladder for consistent income | etf | down | preserve_capital | risk: aggressive,Short Stock or Inverse ETF
Speculating on major moves in ETH | options | up | multiply | risk: aggressive,Bull Call Spread
Speculating on major moves in BND | bonds | neutral | multiply | risk: moderate,Bear Put Spread
Looking for income from stock | stock | neutral | nan | risk: moderate,Iron Condor
I believe GOOG will drop significantly | crypto | up | nan | risk: conservative,Short Stock or Inverse ETF
Trying to hedge my portfolio with BND | crypto | down | multiply | risk: aggressive,Short Stock or Inverse ETF
Speculating on major moves in AAPL | options | neutral | hedge | risk: moderate,Bear Put Spread
Need to protect downside in my holdings | etf | up | preserve_capital | risk: moderate,Protective Put
I want to double my money on ETH | bonds | down | nan | risk: conservative,Bear Put Spread
I believe ETH will drop significantly | bonds | up | income | risk: aggressive,Short Stock or Inverse ETF
Speculating on major moves in GLD | crypto | neutral | income | risk: conservative,Bear Put Spread
Speculating on major moves in GOOG | crypto | down | hedge | risk: moderate,Bear Put Spread
Speculating on major moves in GLD | etf | neutral | nan | risk: conservative,Bear Put Spread
Need to protect downside in my holdings | stock | neutral | nan | risk: conservative,Iron Condor
Looking for income from options | options | up | nan | risk: moderate,Covered Call
I think BND will stay flat this week | bonds | neutral | hedge | risk: conservative,Iron Condor
I want to double my money on XLF | options | up | income | risk: aggressive,Bull Call Spread
Looking for income from crypto | crypto | neutral | income | risk: conservative,Iron Condor
I believe SPY will drop significantly | options | up | hedge | risk: moderate,Bear Put Spread
Invest in crypto for aggressive returns | bonds | up | income | risk: conservative,Buy Token
Looking for income from crypto | crypto | neutral | income | risk: moderate,Iron Condor
I want to double my money on ETH | etf | up | hedge | risk: moderate,Bull Call Spread
I believe ETH will drop significantly | etf | neutral | multiply | risk: conservative,Short Stock or Inverse ETF
I think TSLA will stay flat this week | etf | neutral | income | risk: aggressive,Iron Condor
I want to double my money on SPY | crypto | neutral | nan | risk: conservative,Bear Put Spread
Invest in crypto for aggressive returns | etf | neutral | nan | risk: moderate,Iron Condor
Seeking conservative growth with stock | stock | down | hedge | risk: moderate,Short Stock or Inverse ETF
Need to protect downside in my holdings | bonds | down | preserve_capital | risk: moderate,Short Stock or Inverse ETF
Invest in crypto for aggressive returns | crypto | up | nan | risk: aggressive,Buy Token
Looking for income from options | options | neutral | income | risk: moderate,Iron Condor
Need to protect downside in my holdings | crypto | up | preserve_capital | risk: conservative,Protective Put
I want to double my money on GLD | etf | up | income | risk: aggressive,Bull Call Spread
Trying to hedge my portfolio with GLD | crypto | neutral | multiply | risk: aggressive,Iron Condor
I want to double my money on AAPL | options | down | income | risk: aggressive,Bear Put Spread
I think GOOG will stay flat this week | crypto | neutral | preserve_capital | risk: conservative,Iron Condor
Build a bond ladder for consistent income | bonds | up | preserve_capital | risk: moderate,Bond Ladder
Build a bond ladder for consistent income | stock | up | income | risk: conservative,Covered Call
Need to protect downside in my holdings | crypto | down | hedge | risk: conservative,Short Stock or Inverse ETF
I believe XLF will drop significantly | crypto | up | nan | risk: moderate,Short Stock or Inverse ETF
Build a bond ladder for consistent income | bonds | down | nan | risk: conservative,Short Stock or Inverse ETF
I think AAPL will stay flat this week | etf | up | preserve_capital | risk: aggressive,Iron Condor
Looking for income from stock | stock | down | income | risk: moderate,Short Stock or Inverse ETF
Build a bond ladder for consistent income | stock | up | nan | risk: conservative,Covered Call
Need to protect downside in my holdings | crypto | up | hedge | risk: conservative,Protective Put
I think QQQ will stay flat this week | options | up | nan | risk: conservative,Iron Condor
Looking for income from crypto | crypto | up | income | risk: conservative,Covered Call
Invest in crypto for aggressive returns | options | down | multiply | risk: aggressive,Bear Put Spread
Build a bond ladder for consistent income | etf | down | income | risk: conservative,Short Stock or Inverse ETF
Seeking conservative growth with options | options | down | nan | risk: conservative,Bear Put Spread
Build a bond ladder for consistent income | crypto | down | income | risk: conservative,Short Stock or Inverse ETF
I think QQQ will stay flat this week | stock | neutral | income | risk: conservative,Iron Condor
I think ETH will stay flat this week | crypto | down | nan | risk: moderate,Short Stock or Inverse ETF
Trying to hedge my portfolio with BTC | stock | neutral | income | risk: conservative,Iron Condor
Speculating on major moves in GLD | bonds | neutral | preserve_capital | risk: moderate,Bear Put Spread
Speculating on major moves in ETH | bonds | up | nan | risk: conservative,Bull Call Spread
Build a bond ladder for consistent income | bonds | up | nan | risk: moderate,Bond Ladder
Build a bond ladder for consistent income | stock | neutral | multiply | risk: aggressive,Iron Condor
Looking for income from stock | stock | neutral | preserve_capital | risk: moderate,Iron Condor
Looking for income from stock | stock | down | nan | risk: moderate,Short Stock or Inverse ETF
Looking for income from bonds | bonds | up | multiply | risk: conservative,Bond Ladder
Looking for income from stock | stock | up | hedge | risk: aggressive,Covered Call
I believe ETH will drop significantly | crypto | up | hedge | risk: conservative,Short Stock or Inverse ETF
Looking for income from stock | stock | neutral | hedge | risk: conservative,Iron Condor
I think XLF will stay flat this week | crypto | neutral | income | risk: moderate,Iron Condor
Invest in crypto for aggressive returns | bonds | down | nan | risk: conservative,Short Stock or Inverse ETF
Need to protect downside in my holdings | crypto | up | preserve_capital | risk: conservative,Protective Put
Seeking conservative growth with etf | etf | neutral | preserve_capital | risk: aggressive,Iron Condor
Invest in crypto for aggressive returns | crypto | down | income | risk: conservative,Short Stock or Inverse ETF
I think SPY will stay flat this week | etf | up | nan | risk: moderate,Iron Condor
Seeking conservative growth with stock | stock | up | nan | risk: aggressive,Buy Token
Invest in crypto for aggressive returns | options | down | nan | risk: conservative,Bear Put Spread
Need to protect downside in my holdings | etf | up | preserve_capital | risk: moderate,Protective Put
Speculating on major moves in XLF | etf | up | hedge | risk: aggressive,Bull Call Spread
Invest in crypto for aggressive returns | crypto | up | hedge | risk: conservative,Buy Token
I think QQQ will stay flat this week | stock | up | multiply | risk: moderate,Iron Condor
Looking for income from options | options | neutral | preserve_capital | risk: aggressive,Iron Condor
Invest in crypto for aggressive returns | options | neutral | income | risk: conservative,Iron Condor
Looking for income from crypto | crypto | down | multiply | risk: conservative,Short Stock or Inverse ETF
Looking for income from options | options | down | nan | risk: aggressive,Bear Put Spread
I want to double my money on SPY | etf | up | hedge | risk: aggressive,Bull Call Spread
Trying to hedge my portfolio with GLD | options | down | preserve_capital | risk: moderate,Bear Put Spread
Trying to hedge my portfolio with AAPL | bonds | down | income | risk: aggressive,Short Stock or Inverse ETF
I think GOOG will stay flat this week | bonds | neutral | multiply | risk: moderate,Iron Condor
Seeking conservative growth with stock | stock | down | income | risk: conservative,Short Stock or Inverse ETF
I think ETH will stay flat this week | bonds | down | income | risk: conservative,Short Stock or Inverse ETF
I believe GOOG will drop significantly | bonds | up | nan | risk: moderate,Short Stock or Inverse ETF
Need to protect downside in my holdings | stock | down | preserve_capital | risk: aggressive,Short Stock or Inverse ETF
Invest in crypto for aggressive returns | options | up | preserve_capital | risk: conservative,Protective Put
Invest in crypto for aggressive returns | stock | down | preserve_capital | risk: conservative,Short Stock or Inverse ETF
Seeking conservative growth with stock | stock | neutral | nan | risk: moderate,Iron Condor
I believe BTC will drop significantly | options | neutral | nan | risk: aggressive,Bear Put Spread
Invest in crypto for aggressive returns | stock | neutral | preserve_capital | risk: aggressive,Iron Condor
I think ETH will stay flat this week | bonds | down | nan | risk: moderate,Short Stock or Inverse ETF
Invest in crypto for aggressive returns | options | neutral | hedge | risk: aggressive,Iron Condor
Trying to hedge my portfolio with TSLA | etf | up | preserve_capital | risk: conservative,Protective Put
Invest in crypto for aggressive returns | stock | neutral | nan | risk: conservative,Iron Condor
Need to protect downside in my holdings | stock | up | income | risk: aggressive,Protective Put
I want to double my money on GOOG | etf | neutral | multiply | risk: aggressive,Bear Put Spread
Need to protect downside in my holdings | stock | up | hedge | risk: conservative,Protective Put
Build a bond ladder for consistent income | crypto | down | hedge | risk: conservative,Short Stock or Inverse ETF
Looking for income from options | options | up | nan | risk: conservative,Covered Call
Trying to hedge my portfolio with ETH | etf | up | nan | risk: conservative,Protective Put
Looking for income from bonds | bonds | up | preserve_capital | risk: moderate,Bond Ladder
Invest in crypto for aggressive returns | options | neutral | hedge | risk: conservative,Iron Condor
Invest in crypto for aggressive returns | crypto | up | hedge | risk: conservative,Buy Token
Seeking conservative growth with stock | stock | up | preserve_capital | risk: conservative,Protective Put
Speculating on major moves in AAPL | bonds | up | nan | risk: moderate,Bull Call Spread
I want to double my money on AAPL | bonds | up | nan | risk: aggressive,Bull Call Spread
Invest in crypto for aggressive returns | options | neutral | hedge | risk: aggressive,Iron Condor
Need to protect downside in my holdings | crypto | neutral | income | risk: moderate,Iron Condor
Trying to hedge my portfolio with ETH | crypto | up | income | risk: conservative,Protective Put
I want to double my money on XLF | bonds | down | preserve_capital | risk: aggressive,Bear Put Spread
I believe XLF will drop significantly | options | neutral | nan | risk: aggressive,Bear Put Spread
Invest in crypto for aggressive returns | stock | up | multiply | risk: aggressive,Buy Token
I want to double my money on XLF | bonds | up | nan | risk: aggressive,Bull Call Spread
Looking for income from options | options | neutral | hedge | risk: aggressive,Iron Condor
Looking for income from bonds | bonds | down | multiply | risk: moderate,Short Stock or Inverse ETF
Looking for income from etf | etf | up | nan | risk: moderate,Covered Call
I want to double my money on BTC | bonds | down | income | risk: conservative,Bear Put Spread
Build a bond ladder for consistent income | stock | neutral | preserve_capital | risk: conservative,Iron Condor
Speculating on major moves in SPY | bonds | down | multiply | risk: moderate,Bear Put Spread
I want to double my money on ETH | stock | up | nan | risk: moderate,Bull Call Spread
Trying to hedge my portfolio with BND | options | down | preserve_capital | risk: conservative,Bear Put Spread
I believe GLD will drop significantly | bonds | up | preserve_capital | risk: conservative,Short Stock or Inverse ETF
Invest in crypto for aggressive returns | etf | neutral | hedge | risk: conservative,Iron Condor
Need to protect downside in my holdings | stock | up | multiply | risk: aggressive,Protective Put
Need to protect downside in my holdings | etf | down | hedge | risk: aggressive,Short Stock or Inverse ETF
Speculating on major moves in SPY | stock | up | income | risk: conservative,Bull Call Spread
Seeking conservative growth with etf | etf | down | preserve_capital | risk: aggressive,Short Stock or Inverse ETF
I want to double my money on SPY | etf | up | hedge | risk: aggressive,Bull Call Spread
Seeking conservative growth with stock | stock | neutral | multiply | risk: moderate,Iron Condor
Build a bond ladder for consistent income | stock | up | preserve_capital | risk: moderate,Covered Call
Trying to hedge my portfolio with XLF | crypto | down | preserve_capital | risk: conservative,Short Stock or Inverse ETF
Looking for income from crypto | crypto | down | preserve_capital | risk: moderate,Short Stock or Inverse ETF
Need to protect downside in my holdings | crypto | down | hedge | risk: moderate,Short Stock or Inverse ETF
Invest in crypto for aggressive returns | etf | neutral | income | risk: conservative,Iron Condor
Need to protect downside in my holdings | stock | up | preserve_capital | risk: moderate,Protective Put
I want to double my money on BTC | etf | neutral | multiply | risk: conservative,Bear Put Spread
Speculating on major moves in AAPL | stock | up | multiply | risk: moderate,Bull Call Spread
Trying to hedge my portfolio with BND | etf | down | nan | risk: aggressive,Short Stock or Inverse ETF
Need to protect downside in my holdings | stock | down | nan | risk: moderate,Short Stock or Inverse ETF
I want to double my money on ETH | options | neutral | income | risk: moderate,Bear Put Spread
Need to protect downside in my holdings | options | neutral | hedge | risk: aggressive,Iron Condor
I think QQQ will stay flat this week | bonds | up | income | risk: aggressive,Iron Condor
Invest in crypto for aggressive returns | crypto | up | income | risk: aggressive,Buy Token
Seeking conservative growth with options | options | up | hedge | risk: aggressive,Short Stock or Inverse ETF
I want to double my money on GOOG | etf | down | multiply | risk: conservative,Bear Put Spread
Seeking conservative growth with stock | stock | neutral | multiply | risk: aggressive,Iron Condor
Need to protect downside in my holdings | stock | up | nan | risk: moderate,Protective Put
I believe GLD will drop significantly | options | down | preserve_capital | risk: conservative,Bear Put Spread
Need to protect downside in my holdings | bonds | neutral | preserve_capital | risk: moderate,Iron Condor
Seeking conservative growth with crypto | crypto | down | nan | risk: aggressive,Short Stock or Inverse ETF
Trying to hedge my portfolio with GOOG | bonds | up | hedge | risk: conservative,Protective Put
Seeking conservative growth with crypto | crypto | up | multiply | risk: aggressive,Buy Token
Need to protect downside in my holdings | stock | down | multiply | risk: conservative,Short Stock or Inverse ETF
Looking for income from options | options | down | multiply | risk: conservative,Bear Put Spread
I think GOOG will stay flat this week | bonds | neutral | multiply | risk: conservative,Iron Condor
Need to protect downside in my holdings | stock | up | income | risk: aggressive,Protective Put
I think SPY will stay flat this week | stock | down | hedge | risk: conservative,Short Stock or Inverse ETF
Speculating on major moves in GOOG | crypto | neutral | preserve_capital | risk: conservative,Bear Put Spread
Speculating on major moves in ETH | stock | neutral | multiply | risk: aggressive,Bear Put Spread
Looking for income from stock | stock | neutral | preserve_capital | risk: aggressive,Iron Condor
Build a bond ladder for consistent income | bonds | neutral | hedge | risk: aggressive,Iron Condor
Invest in crypto for aggressive returns | stock | neutral | nan | risk: conservative,Iron Condor
Looking for income from etf | etf | down | multiply | risk: moderate,Short Stock or Inverse ETF
I want to double my money on TSLA | stock | down | multiply | risk: conservative,Bear Put Spread
I think AAPL will stay flat this week | crypto | up | preserve_capital | risk: aggressive,Iron Condor
I think QQQ will stay flat this week | crypto | neutral | hedge | risk: conservative,Iron Condor
Invest in crypto for aggressive returns | stock | neutral | hedge | risk: moderate,Iron Condor
Seeking conservative growth with etf | etf | neutral | multiply | risk: conservative,Iron Condor
Trying to hedge my portfolio with BTC | bonds | up | preserve_capital | risk: moderate,Protective Put
Invest in crypto for aggressive returns | stock | neutral | preserve_capital | risk: aggressive,Iron Condor
I believe BND will drop significantly | options | down | hedge | risk: conservative,Bear Put Spread
Build a bond ladder for consistent income | bonds | neutral | multiply | risk: moderate,Iron Condor
Need to protect downside in my holdings | stock | down | nan | risk: aggressive,Short Stock or Inverse ETF
I want to double my money on GOOG | etf | down | nan | risk: aggressive,Bear Put Spread
Looking for income from etf | etf | down | hedge | risk: moderate,Short Stock or Inverse ETF
Looking for income from stock | stock | up | nan | risk: aggressive,Covered Call
I want to double my money on SPY | crypto | up | preserve_capital | risk: aggressive,Bull Call Spread
Need to protect downside in my holdings | crypto | down | hedge | risk: conservative,Short Stock or Inverse ETF
Seeking conservative growth with etf | etf | neutral | preserve_capital | risk: aggressive,Iron Condor
Need to protect downside in my holdings | crypto | up | hedge | risk: aggressive,Protective Put
I think AAPL will stay flat this week | options | neutral | hedge | risk: moderate,Iron Condor
Looking for income from options | options | down | nan | risk: conservative,Bear Put Spread
Looking for income from options | options | neutral | preserve_capital | risk: aggressive,Iron Condor
I think XLF will stay flat this week | crypto | down | nan | risk: aggressive,Short Stock or Inverse ETF
I believe BTC will drop significantly | etf | up | income | risk: aggressive,Short Stock or Inverse ETF
Build a bond ladder for consistent income | bonds | neutral | nan | risk: aggressive,Iron Condor
Speculating on major moves in TSLA | etf | neutral | multiply | risk: moderate,Bear Put Spread
Need to protect downside in my holdings | stock | neutral | nan | risk: moderate,Iron Condor
Seeking conservative growth with etf | etf | up | income | risk: conservative,Buy Token
I believe GOOG will drop significantly | stock | neutral | preserve_capital | risk: conservative,Short Stock or Inverse ETF
Looking for income from etf | etf | down | income | risk: aggressive,Short Stock or Inverse ETF
Invest in crypto for aggressive returns | options | down | nan | risk: conservative,Bear Put Spread
Looking for income from options | options | up | nan | risk: aggressive,Covered Call
Build a bond ladder for consistent income | bonds | neutral | income | risk: aggressive,Iron Condor
Build a bond ladder for consistent income | stock | down | hedge | risk: moderate,Short Stock or Inverse ETF
Looking for income from etf | etf | neutral | nan | risk: moderate,Iron Condor
I think ETH will stay flat this week | bonds | neutral | hedge | risk: aggressive,Iron Condor
I think BTC will stay flat this week | crypto | neutral | income | risk: moderate,Iron Condor
I want to double my money on XLF | bonds | up | hedge | risk: conservative,Bull Call Spread
Looking for income from stock | stock | down | nan | risk: moderate,Short Stock or Inverse ETF
Need to protect downside in my holdings | stock | neutral | preserve_capital | risk: moderate,Iron Condor
Invest in crypto for aggressive returns | stock | down | multiply | risk: moderate,Short Stock or Inverse ETF
I believe ETH will drop significantly | stock | up | income | risk: aggressive,Short Stock or Inverse ETF
I believe ETH will drop significantly | options | up | multiply | risk: aggressive,Bear Put Spread
Invest in crypto for aggressive returns | stock | neutral | hedge | risk: aggressive,Iron Condor
Trying to hedge my portfolio with BND | etf | neutral | income | risk: conservative,Iron Condor
I think BND will stay flat this week | options | up | nan | risk: conservative,Iron Condor
I want to double my money on XLF | bonds | neutral | nan | risk: conservative,Bear Put Spread
Speculating on major moves in XLF | etf | down | income | risk: conservative,Bear Put Spread
Speculating on major moves in GOOG | bonds | neutral | preserve_capital | risk: aggressive,Bear Put Spread
Seeking conservative growth with options | options | up | income | risk: aggressive,Short Stock or Inverse ETF
I want to double my money on AAPL | bonds | down | income | risk: moderate,Bear Put Spread
Build a bond ladder for consistent income | bonds | down | hedge | risk: aggressive,Short Stock or Inverse ETF
Invest in crypto for aggressive returns | etf | up | multiply | risk: conservative,Buy Token
Invest in crypto for aggressive returns | crypto | neutral | preserve_capital | risk: conservative,Iron Condor
I believe BTC will drop significantly | bonds | neutral | nan | risk: aggressive,Short Stock or Inverse ETF
Seeking conservative growth with stock | stock | up | preserve_capital | risk: conservative,Protective Put
I believe BTC will drop significantly | etf | down | nan | risk: aggressive,Short Stock or Inverse ETF
Looking for income from bonds | bonds | down | preserve_capital | risk: aggressive,Short Stock or Inverse ETF
Speculating on major moves in BTC | crypto | up | multiply | risk: moderate,Bull Call Spread
I believe BTC will drop significantly | stock | down | preserve_capital | risk: moderate,Short Stock or Inverse ETF
Trying to hedge my portfolio with AAPL | bonds | down | hedge | risk: aggressive,Short Stock or Inverse ETF
Speculating on major moves in BTC | etf | neutral | nan | risk: conservative,Bear Put Spread
I think GLD will stay flat this week | stock | down | hedge | risk: aggressive,Short Stock or Inverse ETF
Build a bond ladder for consistent income | options | neutral | hedge | risk: aggressive,Iron Condor
I want to double my money on XLF | stock | down | nan | risk: aggressive,Bear Put Spread
I want to double my money on GLD | stock | up | income | risk: aggressive,Bull Call Spread
Invest in crypto for aggressive returns | bonds | neutral | nan | risk: moderate,Iron Condor
I believe BND will drop significantly | bonds | neutral | multiply | risk: aggressive,Short Stock or Inverse ETF
Need to protect downside in my holdings | etf | down | nan | risk: conservative,Short Stock or Inverse ETF
Invest in crypto for aggressive returns | options | down | nan | risk: aggressive,Bear Put Spread
Seeking conservative growth with etf | etf | down | preserve_capital | risk: aggressive,Short Stock or Inverse ETF
Build a bond ladder for consistent income | options | neutral | nan | risk: aggressive,Iron Condor
Trying to hedge my portfolio with ETH | options | up | multiply | risk: aggressive,Protective Put
I think BND will stay flat this week | bonds | down | nan | risk: moderate,Short Stock or Inverse ETF
Invest in crypto for aggressive returns | stock | down | nan | risk: moderate,Short Stock or Inverse ETF
Speculating on major moves in BND | bonds | down | income | risk: conservative,Bear Put Spread
I believe XLF will drop significantly | bonds | down | preserve_capital | risk: aggressive,Short Stock or Inverse ETF
Build a bond ladder for consistent income | options | down | income | risk: conservative,Bear Put Spread
Build a bond ladder for consistent income | stock | neutral | nan | risk: moderate,Iron Condor
Trying to hedge my portfolio with QQQ | etf | down | income | risk: conservative,Short Stock or Inverse ETF
I think BND will stay flat this week | crypto | up | preserve_capital | risk: conservative,Iron Condor
I believe ETH will drop significantly | etf | up | nan | risk: conservative,Short Stock or Inverse ETF
Speculating on major moves in AAPL | etf | up | preserve_capital | risk: moderate,Bull Call Spread
Speculating on major moves in XLF | etf | up | income | risk: aggressive,Bull Call Spread
I believe ETH will drop significantly | options | neutral | hedge | risk: moderate,Bear Put Spread
Build a bond ladder for consistent income | stock | up | preserve_capital | risk: aggressive,Covered Call
Looking for income from options | options | down | preserve_capital | risk: moderate,Bear Put Spread
I think AAPL will stay flat this week | etf | neutral | nan | risk: conservative,Iron Condor
Seeking conservative growth with stock | stock | up | multiply | risk: moderate,Bear Put Spread
I think GOOG will stay flat this week | options | neutral | nan | risk: moderate,Iron Condor
I want to double my money on GOOG | crypto | neutral | multiply | risk: moderate,Bear Put Spread
Seeking conservative growth with crypto | crypto | up | multiply | risk: moderate,Buy Token
Invest in crypto for aggressive returns | stock | up | hedge | risk: aggressive,Buy Token
Seeking conservative growth with stock | stock | down | preserve_capital | risk: aggressive,Short Stock or Inverse ETF
Build a bond ladder for consistent income | crypto | up | preserve_capital | risk: conservative,Covered Call
Seeking conservative growth with options | options | down | multiply | risk: aggressive,Bear Put Spread
Seeking conservative growth with options | options | neutral | nan | risk: aggressive,Iron Condor
I want to double my money on QQQ | stock | neutral | preserve_capital | risk: conservative,Bear Put Spread
I want to double my money on GOOG | stock | down | nan | risk: conservative,Bear Put Spread
I want to double my money on BND | etf | neutral | multiply | risk: moderate,Bear Put Spread
Trying to hedge my portfolio with ETH | bonds | up | nan | risk: conservative,Protective Put
Need to protect downside in my holdings | options | neutral | nan | risk: moderate,Iron Condor
Build a bond ladder for consistent income | stock | up | nan | risk: moderate,Covered Call
Invest in crypto for aggressive returns | crypto | neutral | preserve_capital | risk: conservative,Iron Condor
Build a bond ladder for consistent income | bonds | up | income | risk: moderate,Bond Ladder
Trying to hedge my portfolio with XLF | stock | neutral | nan | risk: moderate,Iron Condor
Looking for income from stock | stock | up | multiply | risk: moderate,Covered Call
Build a bond ladder for consistent income | etf | neutral | multiply | risk: aggressive,Iron Condor
Need to protect downside in my holdings | options | neutral | preserve_capital | risk: moderate,Iron Condor
Trying to hedge my portfolio with AAPL | etf | down | hedge | risk: aggressive,Short Stock or Inverse ETF
Need to protect downside in my holdings | options | up | income | risk: conservative,Protective Put
Invest in crypto for aggressive returns | crypto | up | multiply | risk: aggressive,Buy Token
I want to double my money on BND | options | neutral | multiply | risk: moderate,Bear Put Spread
I want to double my money on AAPL | etf | up | hedge | risk: aggressive,Bull Call Spread
Invest in crypto for aggressive returns | crypto | up | income | risk: aggressive,Buy Token
I think QQQ will stay flat this week | stock | neutral | multiply | risk: aggressive,Iron Condor
Speculating on major moves in TSLA | etf | up | nan | risk: moderate,Bull Call Spread
Need to protect downside in my holdings | bonds | up | hedge | risk: moderate,Protective Put
I believe AAPL will drop significantly | crypto | up | multiply | risk: aggressive,Short Stock or Inverse ETF
Looking for income from etf | etf | up | preserve_capital | risk: aggressive,Covered Call
Seeking conservative growth with etf | etf | up | preserve_capital | risk: moderate,Protective Put
Speculating on major moves in GLD | bonds | up | multiply | risk: moderate,Bull Call Spread
Seeking conservative growth with bonds | bonds | down | multiply | risk: conservative,Short Stock or Inverse ETF
Build a bond ladder for consistent income | stock | down | nan | risk: moderate,Short Stock or Inverse ETF
I believe AAPL will drop significantly | options | neutral | nan | risk: moderate,Bear Put Spread
Looking for income from options | options | up | income | risk: conservative,Covered Call
Build a bond ladder for consistent income | crypto | down | nan | risk: conservative,Short Stock or Inverse ETF
Speculating on major moves in TSLA | crypto | up | hedge | risk: aggressive,Bull Call Spread
I think SPY will stay flat this week | stock | neutral | preserve_capital | risk: conservative,Iron Condor
Seeking conservative growth with etf | etf | neutral | multiply | risk: conservative,Iron Condor
Seeking conservative growth with bonds | bonds | down | income | risk: moderate,Short Stock or Inverse ETF
Trying to hedge my portfolio with SPY | bonds | neutral | preserve_capital | risk: moderate,Iron Condor
Speculating on major moves in QQQ | bonds | up | preserve_capital | risk: conservative,Bull Call Spread
Speculating on major moves in AAPL | crypto | neutral | preserve_capital | risk: aggressive,Bear Put Spread
Looking for income from etf | etf | down | income | risk: aggressive,Short Stock or Inverse ETF
Trying to hedge my portfolio with GOOG | stock | up | multiply | risk: aggressive,Protective Put
I believe BTC will drop significantly | crypto | down | preserve_capital | risk: moderate,Short Stock or Inverse ETF
Invest in crypto for aggressive returns | options | up | hedge | risk: aggressive,Buy Token
Speculating on major moves in TSLA | bonds | neutral | hedge | risk: moderate,Bear Put Spread
Build a bond ladder for consistent income | etf | up | hedge | risk: moderate,Covered Call
I believe AAPL will drop significantly | options | neutral | hedge | risk: aggressive,Bear Put Spread
Looking for income from crypto | crypto | down | hedge | risk: conservative,Short Stock or Inverse ETF
Speculating on major moves in QQQ | options | neutral | income | risk: aggressive,Bear Put Spread
Need to protect downside in my holdings | stock | up | nan | risk: moderate,Protective Put
I believe AAPL will drop significantly | stock | neutral | income | risk: aggressive,Short Stock or Inverse ETF
I want to double my money on XLF | stock | down | multiply | risk: aggressive,Bear Put Spread
Trying to hedge my portfolio with BND | options | neutral | hedge | risk: moderate,Iron Condor
Looking for income from options | options | down | nan | risk: moderate,Bear Put Spread
Build a bond ladder for consistent income | options | down | income | risk: conservative,Bear Put Spread
Build a bond ladder for consistent income | crypto | up | hedge | risk: aggressive,Covered Call
Seeking conservative growth with options | options | down | multiply | risk: conservative,Bear Put Spread
I believe GLD will drop significantly | stock | neutral | hedge | risk: conservative,Short Stock or Inverse ETF
I think TSLA will stay flat this week | stock | neutral | hedge | risk: moderate,Iron Condor
I believe GLD will drop significantly | options | down | nan | risk: aggressive,Bear Put Spread
I believe TSLA will drop significantly | options | neutral | income | risk: aggressive,Bear Put Spread
Trying to hedge my portfolio with ETH | bonds | down | income | risk: aggressive,Short Stock or Inverse ETF
Seeking conservative growth with etf | etf | neutral | multiply | risk: aggressive,Iron Condor
I think BTC will stay flat this week | stock | down | nan | risk: moderate,Short Stock or Inverse ETF
Looking for income from etf | etf | neutral | preserve_capital | risk: conservative,Iron Condor
I think QQQ will stay flat this week | crypto | down | multiply | risk: aggressive,Short Stock or Inverse ETF
Build a bond ladder for consistent income | stock | neutral | preserve_capital | risk: conservative,Iron Condor
Looking for income from etf | etf | neutral | preserve_capital | risk: conservative,Iron Condor
Seeking conservative growth with options | options | neutral | income | risk: aggressive,Iron Condor
I think SPY will stay flat this week | options | neutral | preserve_capital | risk: moderate,Iron Condor
Looking for income from options | options | up | income | risk: moderate,Covered Call
Looking for income from options | options | up | income | risk: moderate,Covered Call
I think GOOG will stay flat this week | options | up | income | risk: moderate,Iron Condor
Invest in crypto for aggressive returns | stock | down | nan | risk: conservative,Short Stock or Inverse ETF
I think BTC will stay flat this week | stock | down | income | risk: moderate,Short Stock or Inverse ETF
Speculating on major moves in GOOG | crypto | down | hedge | risk: moderate,Bear Put Spread
Need to protect downside in my holdings | stock | neutral | income | risk: conservative,Iron Condor
Seeking conservative growth with bonds | bonds | up | nan | risk: aggressive,Iron Condor
I believe AAPL will drop significantly | bonds | up | income | risk: aggressive,Short Stock or Inverse ETF
Invest in crypto for aggressive returns | etf | down | hedge | risk: conservative,Short Stock or Inverse ETF
Build a bond ladder for consistent income | stock | up | hedge | risk: moderate,Covered Call
I want to double my money on GLD | etf | down | hedge | risk: conservative,Bear Put Spread
I think GLD will stay flat this week | crypto | down | income | risk: conservative,Short Stock or Inverse ETF
Need to protect downside in my holdings | stock | up | hedge | risk: conservative,Protective Put
Invest in crypto for aggressive returns | etf | up | nan | risk: aggressive,Buy Token
I believe GOOG will drop significantly | stock | neutral | preserve_capital | risk: aggressive,Short Stock or Inverse ETF
Seeking conservative growth with options | options | neutral | hedge | risk: moderate,Iron Condor
I believe XLF will drop significantly | etf | up | multiply | risk: aggressive,Short Stock or Inverse ETF
Trying to hedge my portfolio with AAPL | crypto | down | income | risk: aggressive,Short Stock or Inverse ETF
I want to double my money on GOOG | crypto | down | hedge | risk: moderate,Bear Put Spread
I think TSLA will stay flat this week | stock | down | preserve_capital | risk: moderate,Short Stock or Inverse ETF
Need to protect downside in my holdings | stock | up | income | risk: aggressive,Protective Put
I think BND will stay flat this week | etf | neutral | hedge | risk: aggressive,Iron Condor
I want to double my money on BND | crypto | up | income | risk: conservative,Bull Call Spread
Trying to hedge my portfolio with GOOG | stock | down | hedge | risk: aggressive,Short Stock or Inverse ETF
I want to double my money on GOOG | etf | up | preserve_capital | risk: moderate,Bull Call Spread
Looking for income from crypto | crypto | neutral | nan | risk: conservative,Iron Condor
Need to protect downside in my holdings | etf | down | income | risk: moderate,Short Stock or Inverse ETF
I believe XLF will drop significantly | crypto | down | nan | risk: aggressive,Short Stock or Inverse ETF
I believe BND will drop significantly | bonds | down | income | risk: conservative,Short Stock or Inverse ETF
Seeking conservative growth with options | options | down | hedge | risk: aggressive,Bear Put Spread
Invest in crypto for aggressive returns | bonds | down | income | risk: moderate,Short Stock or Inverse ETF
Need to protect downside in my holdings | crypto | up | nan | risk: moderate,Protective Put
Trying to hedge my portfolio with BND | options | up | income | risk: moderate,Protective Put
Invest in crypto for aggressive returns | options | up | nan | risk: moderate,Buy Token
Trying to hedge my portfolio with BND | options | neutral | nan | risk: aggressive,Iron Condor
I think GLD will stay flat this week | etf | up | nan | risk: moderate,Iron Condor
Seeking conservative growth with crypto | crypto | neutral | preserve_capital | risk: moderate,Iron Condor
Need to protect downside in my holdings | bonds | neutral | hedge | risk: conservative,Iron Condor
I want to double my money on BTC | options | up | income | risk: conservative,Bull Call Spread
I think BND will stay flat this week | crypto | down | nan | risk: moderate,Short Stock or Inverse ETF
I want to double my money on XLF | crypto | neutral | preserve_capital | risk: conservative,Bear Put Spread
Need to protect downside in my holdings | etf | down | preserve_capital | risk: conservative,Short Stock or Inverse ETF
Speculating on major moves in GLD | stock | up | income | risk: conservative,Bull Call Spread
Trying to hedge my portfolio with QQQ | stock | down | hedge | risk: conservative,Short Stock or Inverse ETF
Invest in crypto for aggressive returns | crypto | down | hedge | risk: moderate,Short Stock or Inverse ETF
Trying to hedge my portfolio with XLF | stock | neutral | preserve_capital | risk: moderate,Iron Condor
Looking for income from etf | etf | down | nan | risk: moderate,Short Stock or Inverse ETF
Seeking conservative growth with etf | etf | neutral | income | risk: aggressive,Iron Condor
Seeking conservative growth with crypto | crypto | up | multiply | risk: aggressive,Buy Token
Seeking conservative growth with crypto | crypto | up | preserve_capital | risk: moderate,Protective Put
I want to double my money on QQQ | stock | down | multiply | risk: conservative,Bear Put Spread
Seeking conservative growth with stock | stock | up | hedge | risk: moderate,Bull Call Spread
Trying to hedge my portfolio with BND | stock | neutral | preserve_capital | risk: moderate,Iron Condor
I believe TSLA will drop significantly | crypto | neutral | preserve_capital | risk: aggressive,Short Stock or Inverse ETF
I think QQQ will stay flat this week | crypto | down | multiply | risk: moderate,Short Stock or Inverse ETF
Looking for income from crypto | crypto | neutral | nan | risk: conservative,Iron Condor
Seeking conservative growth with stock | stock | up | preserve_capital | risk: conservative,Protective Put
Build a bond ladder for consistent income | bonds | neutral | preserve_capital | risk: conservative,Iron Condor
I believe SPY will drop significantly | options | up | nan | risk: moderate,Bear Put Spread
Looking for income from etf | etf | up | hedge | risk: conservative,Covered Call
Build a bond ladder for consistent income | options | down | preserve_capital | risk: conservative,Bear Put Spread
Trying to hedge my portfolio with BND | etf | down | income | risk: moderate,Short Stock or Inverse ETF
I think BTC will stay flat this week | bonds | down | multiply | risk: aggressive,Short Stock or Inverse ETF
Speculating on major moves in BND | etf | neutral | hedge | risk: moderate,Bear Put Spread
I think BND will stay flat this week | stock | neutral | income | risk: aggressive,Iron Condor
Speculating on major moves in BND | stock | up | multiply | risk: aggressive,Bull Call Spread
Speculating on major moves in GOOG | crypto | down | multiply | risk: moderate,Bear Put Spread
Looking for income from bonds | bonds | down | multiply | risk: aggressive,Short Stock or Inverse ETF
Build a bond ladder for consistent income | stock | up | income | risk: conservative,Covered Call
Invest in crypto for aggressive returns | crypto | neutral | hedge | risk: conservative,Iron Condor
Seeking conservative growth with stock | stock | neutral | nan | risk: aggressive,Iron Condor
I want to double my money on AAPL | crypto | neutral | income | risk: conservative,Bear Put Spread
Build a bond ladder for consistent income | options | neutral | multiply | risk: conservative,Iron Condor
I think GOOG will stay flat this week | stock | down | multiply | risk: aggressive,Short Stock or Inverse ETF
I think ETH will stay flat this week | stock | up | multiply | risk: moderate,Iron Condor
Speculating on major moves in XLF | stock | neutral | nan | risk: moderate,Bear Put Spread
Need to protect downside in my holdings | options | down | hedge | risk: moderate,Bear Put Spread
I want to double my money on ETH | etf | neutral | hedge | risk: moderate,Bear Put Spread
Looking for income from crypto | crypto | neutral | income | risk: moderate,Iron Condor
I want to double my money on SPY | stock | neutral | hedge | risk: moderate,Bear Put Spread
I think AAPL will stay flat this week | etf | neutral | nan | risk: conservative,Iron Condor
Trying to hedge my portfolio with AAPL | bonds | down | multiply | risk: moderate,Short Stock or Inverse ETF
Seeking conservative growth with etf | etf | neutral | preserve_capital | risk: moderate,Iron Condor
Seeking conservative growth with options | options | down | nan | risk: moderate,Bear Put Spread
Speculating on major moves in QQQ | options | down | preserve_capital | risk: aggressive,Bear Put Spread
Build a bond ladder for consistent income | bonds | down | income | risk: conservative,Short Stock or Inverse ETF
Invest in crypto for aggressive returns | etf | up | multiply | risk: aggressive,Buy Token
I want to double my money on ETH | stock | up | multiply | risk: conservative,Bull Call Spread
Invest in crypto for aggressive returns | stock | neutral | hedge | risk: moderate,Iron Condor
Seeking conservative growth with options | options | neutral | nan | risk: aggressive,Iron Condor
I believe GOOG will drop significantly | stock | up | income | risk: moderate,Short Stock or Inverse ETF
I want to double my money on BND | stock | down | preserve_capital | risk: conservative,Bear Put Spread
I want to double my money on BTC | crypto | neutral | income | risk: aggressive,Bear Put Spread
Looking for income from bonds | bonds | down | preserve_capital | risk: moderate,Short Stock or Inverse ETF
I want to double my money on GOOG | crypto | down | income | risk: aggressive,Bear Put Spread
Invest in crypto for aggressive returns | etf | down | preserve_capital | risk: conservative,Short Stock or Inverse ETF
I believe BND will drop significantly | stock | up | nan | risk: moderate,Short Stock or Inverse ETF
Need to protect downside in my holdings | options | up | income | risk: moderate,Protective Put
Need to protect downside in my holdings | options | neutral | nan | risk: conservative,Iron Condor
Need to protect downside in my holdings | crypto | neutral | preserve_capital | risk: aggressive,Iron Condor
Build a bond ladder for consistent income | etf | neutral | preserve_capital | risk: conservative,Iron Condor
I think XLF will stay flat this week | options | neutral | preserve_capital | risk: conservative,Iron Condor
I think SPY will stay flat this week | crypto | up | income | risk: aggressive,Iron Condor
Trying to hedge my portfolio with GLD | crypto | down | multiply | risk: moderate,Short Stock or Inverse ETF
Speculating on major moves in XLF | options | up | preserve_capital | risk: moderate,Bull Call Spread
Trying to hedge my portfolio with QQQ | crypto | neutral | income | risk: moderate,Iron Condor
I think ETH will stay flat this week | bonds | down | hedge | risk: aggressive,Short Stock or Inverse ETF
Need to protect downside in my holdings | stock | up | hedge | risk: conservative,Protective Put
Trying to hedge my portfolio with GLD | etf | down | income | risk: aggressive,Short Stock or Inverse ETF
Invest in crypto for aggressive returns | stock | neutral | preserve_capital | risk: conservative,Iron Condor
Trying to hedge my portfolio with QQQ | stock | down | nan | risk: conservative,Short Stock or Inverse ETF
I believe SPY will drop significantly | crypto | neutral | preserve_capital | risk: moderate,Short Stock or Inverse ETF
Invest in crypto for aggressive returns | etf | neutral | income | risk: aggressive,Iron Condor
I want to double my money on BND | etf | down | multiply | risk: conservative,Bear Put Spread
Speculating on major moves in AAPL | options | up | hedge | risk: aggressive,Bull Call Spread
I believe TSLA will drop significantly | options | down | multiply | risk: moderate,Bear Put Spread
Seeking conservative growth with stock | stock | neutral | hedge | risk: conservative,Iron Condor
I think BTC will stay flat this week | bonds | down | multiply | risk: aggressive,Short Stock or Inverse ETF
I want to double my money on BTC | options | up | preserve_capital | risk: moderate,Bull Call Spread
Looking for income from stock | stock | down | nan | risk: conservative,Short Stock or Inverse ETF
Trying to hedge my portfolio with SPY | crypto | up | multiply | risk: conservative,Protective Put
I believe AAPL will drop significantly | crypto | neutral | income | risk: moderate,Short Stock or Inverse ETF
I believe XLF will drop significantly | bonds | neutral | multiply | risk: moderate,Short Stock or Inverse ETF
Invest in crypto for aggressive returns | etf | down | hedge | risk: moderate,Short Stock or Inverse ETF
Seeking conservative growth with options | options | up | hedge | risk: conservative,Default Strategy
Invest in crypto for aggressive returns | crypto | down | nan | risk: conservative,Short Stock or Inverse ETF
Looking for income from crypto | crypto | down | income | risk: aggressive,Short Stock or Inverse ETF
Looking for income from stock | stock | up | income | risk: conservative,Covered Call
Need to protect downside in my holdings | bonds | up | preserve_capital | risk: moderate,Protective Put
Invest in crypto for aggressive returns | stock | down | nan | risk: aggressive,Short Stock or Inverse ETF
Invest in crypto for aggressive returns | options | up | multiply | risk: conservative,Buy Token
Speculating on major moves in XLF | bonds | down | nan | risk: conservative,Bear Put Spread
Speculating on major moves in AAPL | options | up | multiply | risk: conservative,Bull Call Spread
Need to protect downside in my holdings | stock | down | multiply | risk: moderate,Short Stock or Inverse ETF
Invest in crypto for aggressive returns | etf | down | multiply | risk: aggressive,Short Stock or Inverse ETF
I think GOOG will stay flat this week | crypto | down | hedge | risk: conservative,Short Stock or Inverse ETF
Need to protect downside in my holdings | options | down | multiply | risk: moderate,Bear Put Spread
Invest in crypto for aggressive returns | bonds | neutral | nan | risk: conservative,Iron Condor
Seeking conservative growth with options | options | neutral | nan | risk: conservative,Iron Condor
Invest in crypto for aggressive returns | options | neutral | hedge | risk: moderate,Iron Condor
Speculating on major moves in XLF | stock | down | multiply | risk: conservative,Bear Put Spread
Build a bond ladder for consistent income | options | up | multiply | risk: aggressive,Covered Call
Seeking conservative growth with options | options | neutral | preserve_capital | risk: aggressive,Iron Condor
Seeking conservative growth with options | options | neutral | nan | risk: aggressive,Iron Condor
Speculating on major moves in TSLA | crypto | down | hedge | risk: aggressive,Bear Put Spread
Need to protect downside in my holdings | stock | neutral | preserve_capital | risk: aggressive,Iron Condor
Looking for income from stock | stock | down | income | risk: moderate,Short Stock or Inverse ETF
I think TSLA will stay flat this week | crypto | down | income | risk: moderate,Short Stock or Inverse ETF
I think BTC will stay flat this week | options | down | nan | risk: aggressive,Bear Put Spread
Looking for income from etf | etf | up | preserve_capital | risk: aggressive,Covered Call
Need to protect downside in my holdings | stock | neutral | income | risk: conservative,Iron Condor
Speculating on major moves in SPY | stock | up | hedge | risk: conservative,Bull Call Spread
I believe AAPL will drop significantly | options | neutral | hedge | risk: conservative,Bear Put Spread
I think GOOG will stay flat this week | crypto | down | income | risk: moderate,Short Stock or Inverse ETF
Build a bond ladder for consistent income | options | up | nan | risk: aggressive,Covered Call
Seeking conservative growth with etf | etf | up | nan | risk: conservative,Default Strategy
I want to double my money on AAPL | stock | up | nan | risk: conservative,Bull Call Spread
I believe TSLA will drop significantly | options | neutral | preserve_capital | risk: moderate,Bear Put Spread
Invest in crypto for aggressive returns | stock | neutral | preserve_capital | risk: conservative,Iron Condor
Seeking conservative growth with options | options | down | income | risk: aggressive,Bear Put Spread
I want to double my money on BND | stock | down | hedge | risk: moderate,Bear Put Spread
Speculating on major moves in SPY | options | up | preserve_capital | risk: moderate,Bull Call Spread
Looking for income from etf | etf | up | multiply | risk: moderate,Covered Call
Looking for income from stock | stock | neutral | income | risk: moderate,Iron Condor
I believe XLF will drop significantly | bonds | neutral | nan | risk: moderate,Short Stock or Inverse ETF
Looking for income from options | options | neutral | preserve_capital | risk: conservative,Iron Condor
Speculating on major moves in TSLA | etf | down | multiply | risk: conservative,Bear Put Spread
I want to double my money on GOOG | etf | up | income | risk: aggressive,Bull Call Spread
I want to double my money on GLD | options | neutral | hedge | risk: aggressive,Bear Put Spread
Seeking conservative growth with crypto | crypto | down | preserve_capital | risk: moderate,Short Stock or Inverse ETF
Need to protect downside in my holdings | crypto | up | preserve_capital | risk: moderate,Protective Put
Speculating on major moves in GLD | stock | down | multiply | risk: conservative,Bear Put Spread
Seeking conservative growth with bonds | bonds | up | nan | risk: conservative,Buy Stock
Need to protect downside in my holdings | crypto | down | preserve_capital | risk: moderate,Short Stock or Inverse ETF
Need to protect downside in my holdings | crypto | down | nan | risk: conservative,Short Stock or Inverse ETF
Build a bond ladder for consistent income | stock | up | income | risk: moderate,Covered Call
I think GOOG will stay flat this week | stock | neutral | nan | risk: conservative,Iron Condor
Trying to hedge my portfolio with QQQ | etf | down | multiply | risk: conservative,Short Stock or Inverse ETF
Need to protect downside in my holdings | options | up | income | risk: moderate,Protective Put
I believe GLD will drop significantly | etf | up | preserve_capital | risk: moderate,Short Stock or Inverse ETF
Speculating on major moves in XLF | crypto | up | preserve_capital | risk: aggressive,Bull Call Spread
I believe BTC will drop significantly | bonds | up | multiply | risk: moderate,Short Stock or Inverse ETF
Speculating on major moves in BND | options | neutral | multiply | risk: aggressive,Bear Put Spread
Seeking conservative growth with stock | stock | up | multiply | risk: conservative,Covered Call
Seeking conservative growth with etf | etf | up | hedge | risk: conservative,Protective Put
Need to protect downside in my holdings | crypto | down | nan | risk: conservative,Short Stock or Inverse ETF
Looking for income from bonds | bonds | up | hedge | risk: moderate,Bond Ladder
Build a bond ladder for consistent income | crypto | up | preserve_capital | risk: conservative,Covered Call
Seeking conservative growth with options | options | neutral | hedge | risk: moderate,Iron Condor
Trying to hedge my portfolio with TSLA | stock | up | nan | risk: conservative,Protective Put
Build a bond ladder for consistent income | etf | neutral | income | risk: aggressive,Iron Condor
Seeking conservative growth with options | options | neutral | preserve_capital | risk: aggressive,Iron Condor
Looking for income from etf | etf | up | hedge | risk: aggressive,Covered Call
Invest in crypto for aggressive returns | etf | neutral | nan | risk: moderate,Iron Condor
Need to protect downside in my holdings | options | down | nan | risk: conservative,Bear Put Spread
Speculating on major moves in BTC | bonds | down | hedge | risk: moderate,Bear Put Spread
Speculating on major moves in AAPL | options | down | hedge | risk: conservative,Bear Put Spread
Speculating on major moves in SPY | etf | down | nan | risk: conservative,Bear Put Spread
Seeking conservative growth with options | options | down | nan | risk: aggressive,Bear Put Spread
Need to protect downside in my holdings | options | up | preserve_capital | risk: aggressive,Protective Put
Build a bond ladder for consistent income | stock | neutral | income | risk: conservative,Iron Condor
Seeking conservative growth with etf | etf | up | preserve_capital | risk: moderate,Protective Put
Build a bond ladder for consistent income | etf | neutral | nan | risk: moderate,Iron Condor
I want to double my money on ETH | stock | up | income | risk: conservative,Bull Call Spread
Looking for income from stock | stock | down | multiply | risk: aggressive,Short Stock or Inverse ETF
Build a bond ladder for consistent income | options | neutral | multiply | risk: moderate,Iron Condor
Need to protect downside in my holdings | stock | up | hedge | risk: conservative,Protective Put
Trying to hedge my portfolio with ETH | etf | neutral | income | risk: moderate,Iron Condor
I believe TSLA will drop significantly | options | neutral | nan | risk: conservative,Bear Put Spread
Looking for income from bonds | bonds | up | hedge | risk: conservative,Bond Ladder
Need to protect downside in my holdings | options | neutral | nan | risk: aggressive,Iron Condor
Trying to hedge my portfolio with BND | crypto | neutral | hedge | risk: conservative,Iron Condor
Trying to hedge my portfolio with BND | options | neutral | multiply | risk: conservative,Iron Condor
I think AAPL will stay flat this week | etf | down | hedge | risk: conservative,Short Stock or Inverse ETF
Seeking conservative growth with etf | etf | up | nan | risk: conservative,Buy Token
I want to double my money on ETH | bonds | neutral | multiply | risk: moderate,Bear Put Spread
Trying to hedge my portfolio with BTC | etf | down | nan | risk: moderate,Short Stock or Inverse ETF
Seeking conservative growth with stock | stock | down | preserve_capital | risk: aggressive,Short Stock or Inverse ETF
Looking for income from crypto | crypto | neutral | nan | risk: moderate,Iron Condor
I believe GOOG will drop significantly | crypto | down | income | risk: aggressive,Short Stock or Inverse ETF
I want to double my money on QQQ | options | neutral | income | risk: moderate,Bear Put Spread
Speculating on major moves in BND | etf | down | income | risk: aggressive,Bear Put Spread
I believe GLD will drop significantly | stock | neutral | multiply | risk: moderate,Short Stock or Inverse ETF
I think GOOG will stay flat this week | options | neutral | hedge | risk: conservative,Iron Condor
Looking for income from stock | stock | neutral | preserve_capital | risk: conservative,Iron Condor
Invest in crypto for aggressive returns | etf | neutral | income | risk: conservative,Iron Condor
I believe SPY will drop significantly | bonds | up | hedge | risk: moderate,Short Stock or Inverse ETF
Need to protect downside in my holdings | crypto | down | income | risk: aggressive,Short Stock or Inverse ETF
Trying to hedge my portfolio with GOOG | options | neutral | multiply | risk: conservative,Iron Condor
I believe BND will drop significantly | options | down | nan | risk: moderate,Bear Put Spread
Speculating on major moves in SPY | bonds | up | multiply | risk: aggressive,Bull Call Spread
Seeking conservative growth with stock | stock | up | nan | risk: aggressive,Buy Stock
Speculating on major moves in GOOG | etf | neutral | multiply | risk: aggressive,Bear Put Spread
Seeking conservative growth with etf | etf | up | multiply | risk: aggressive,Protective Put
I want to double my money on AAPL | stock | up | multiply | risk: conservative,Bull Call Spread
Invest in crypto for aggressive returns | etf | down | hedge | risk: conservative,Short Stock or Inverse ETF
I think ETH will stay flat this week | etf | neutral | nan | risk: moderate,Iron Condor
I want to double my money on ETH | options | up | preserve_capital | risk: moderate,Bull Call Spread
Build a bond ladder for consistent income | stock | up | nan | risk: conservative,Covered Call
Build a bond ladder for consistent income | options | neutral | nan | risk: moderate,Iron Condor
Invest in crypto for aggressive returns | bonds | up | hedge | risk: moderate,Buy Token
Need to protect downside in my holdings | bonds | neutral | multiply | risk: conservative,Iron Condor
Trying to hedge my portfolio with AAPL | bonds | up | nan | risk: aggressive,Protective Put
