[
  {
    "timestamp": "2025-06-23T22:39:17.492626",
    "user_id": "test_user",
    "trade": {
      "belief": "AAPL will double next month",
      "strategy": {
        "type": "Default Strategy",
        "description": "Analyze AAPL manually",
        "risk_level": "unknown",
        "suggested_allocation": "10%",
        "explanation": "Unable to determine a clear match. Try adjusting your belief or goal."
      }
    }
  },
  {
    "timestamp": "2025-06-23T22:53:56.376052",
    "user_id": "finnhub_test",
    "trade": {
      "belief": "MSFT will rise this week",
      "strategy": {
        "type": "Default Strategy",
        "description": "Analyze MSFT manually",
        "risk_level": "unknown",
        "suggested_allocation": "10%",
        "explanation": "Unable to determine a clear match. Try adjusting your belief or goal."
      }
    }
  },
  {
    "timestamp": "2025-06-24T01:31:35.888475",
    "user_id": "murad123",
    "trade": {
      "belief": "AAPL will go up next week",
      "strategy": {
        "type": "Default Strategy",
        "description": "Analyze AAPL manually",
        "risk_level": "unknown",
        "suggested_allocation": "10%",
        "explanation": "Unable to determine a clear match. Try adjusting your belief or goal."
      }
    }
  },
  {
    "timestamp": "2025-06-24T16:40:38.614750",
    "user_id": "murad123",
    "trade": {
      "belief": "AAPL will go up next week",
      "strategy": {
        "type": "Default Strategy",
        "description": "Analyze AAPL manually",
        "risk_level": "unknown",
        "suggested_allocation": "10%",
        "explanation": "Unable to determine a clear match. Try adjusting your belief or goal."
      }
    }
  },
  {
    "timestamp": "2025-06-24T18:58:37.932691",
    "user_id": "1",
    "trade": {
      "belief": "I think AAPL will go up",
      "strategy": {
        "type": "Default Strategy",
        "description": "Analyze AAPL manually",
        "risk_level": "unknown",
        "suggested_allocation": "10%",
        "explanation": "Unable to determine a clear match. Try adjusting your belief or goal."
      }
    }
  }
]